17:12:52 | INFO | Discovering vi article URLs from 3 sections
17:12:52 | INFO | Discovering km article URLs from 3 sections
17:12:52 | INFO | HTTP Request: GET https://vov.vn/du-lich/ "HTTP/1.1 200 OK"
17:12:52 | INFO | HTTP Request: GET https://vov.vn/xa-hoi/ "HTTP/1.1 200 OK"
17:12:52 | INFO | HTTP Request: GET https://vov.vn/km-KH/%E1%9E%9C%E1%9E%94%E1%9F%92%E1%9E%94%E1%9E%92%E1%9E%98%E1%9F%8D%E1%9E%9C%E1%9F%80%E1%9E%8F%E1%9E%8E%E1%9E%B6%E1%9E%98/43977.vov "HTTP/1.1 200 OK"
17:12:52 | INFO | HTTP Request: GET https://vov.vn/km-KH/%E1%9E%80%E1%9E%B6%E1%9E%9A%E1%9E%9A%E1%9E%80%E1%9E%83%E1%9E%BE%E1%9E%89%E1%9E%9C%E1%9F%80%E1%9E%8F%E1%9E%8E%E1%9E%B6%E1%9E%98/43477.vov "HTTP/1.1 200 OK"
17:12:52 | INFO | HTTP Request: GET https://vov.vn/km-KH/%E1%9E%96%E1%9F%90%E1%9E%8F%E1%9F%8D%E1%9E%98%E1%9E%B6%E1%9E%93/43509.vov "HTTP/1.1 200 OK"
17:12:53 | INFO | HTTP Request: GET https://vov.vn/km-KH/%E1%9E%9C%E1%9E%94%E1%9F%92%E1%9E%94%E1%9E%92%E1%9E%98%E1%9F%8D%E1%9E%9C%E1%9F%80%E1%9E%8F%E1%9E%8E%E1%9E%B6%E1%9E%98/43977.vov?page=1 "HTTP/1.1 200 OK"
17:12:53 | INFO | HTTP Request: GET https://vov.vn/km-KH/%E1%9E%96%E1%9F%90%E1%9E%8F%E1%9F%8D%E1%9E%98%E1%9E%B6%E1%9E%93/43509.vov?page=1 "HTTP/1.1 200 OK"
17:12:53 | INFO | HTTP Request: GET https://vov.vn/km-KH/%E1%9E%80%E1%9E%B6%E1%9E%9A%E1%9E%9A%E1%9E%80%E1%9E%83%E1%9E%BE%E1%9E%89%E1%9E%9C%E1%9F%80%E1%9E%8F%E1%9E%8E%E1%9E%B6%E1%9E%98/43477.vov?page=1 "HTTP/1.1 200 OK"
17:12:53 | INFO | HTTP Request: GET https://vov.vn/km-KH/%E1%9E%9C%E1%9E%94%E1%9F%92%E1%9E%94%E1%9E%92%E1%9E%98%E1%9F%8D%E1%9E%9C%E1%9F%80%E1%9E%8F%E1%9E%8E%E1%9E%B6%E1%9E%98/43977.vov?page=2 "HTTP/1.1 200 OK"
17:12:53 | INFO | HTTP Request: GET https://vov.vn/km-KH/%E1%9E%96%E1%9F%90%E1%9E%8F%E1%9F%8D%E1%9E%98%E1%9E%B6%E1%9E%93/43509.vov?page=2 "HTTP/1.1 200 OK"
17:12:53 | INFO | HTTP Request: GET https://vov.vn/km-KH/%E1%9E%9C%E1%9E%94%E1%9F%92%E1%9E%94%E1%9E%92%E1%9E%98%E1%9F%8D%E1%9E%9C%E1%9F%80%E1%9E%8F%E1%9E%8E%E1%9E%B6%E1%9E%98/43977.vov?page=54 "HTTP/1.1 200 OK"
17:12:53 | INFO | HTTP Request: GET https://vov.vn/km-KH/%E1%9E%80%E1%9E%B6%E1%9E%9A%E1%9E%9A%E1%9E%80%E1%9E%83%E1%9E%BE%E1%9E%89%E1%9E%9C%E1%9F%80%E1%9E%8F%E1%9E%8E%E1%9E%B6%E1%9E%98/43477.vov?page=2 "HTTP/1.1 200 OK"
17:12:53 | INFO | HTTP Request: GET https://vov.vn/km-KH/%E1%9E%96%E1%9F%90%E1%9E%8F%E1%9F%8D%E1%9E%98%E1%9E%B6%E1%9E%93/43509.vov?page=6096 "HTTP/1.1 200 OK"
17:12:54 | INFO | HTTP Request: GET https://vov.vn/km-KH/%E1%9E%80%E1%9E%B6%E1%9E%9A%E1%9E%9A%E1%9E%80%E1%9E%83%E1%9E%BE%E1%9E%89%E1%9E%9C%E1%9F%80%E1%9E%8F%E1%9E%8E%E1%9E%B6%E1%9E%98/43477.vov?page=61 "HTTP/1.1 200 OK"
17:12:54 | INFO | HTTP Request: GET https://vov.vn/km-KH/%E1%9E%9C%E1%9E%94%E1%9F%92%E1%9E%94%E1%9E%92%E1%9E%98%E1%9F%8D%E1%9E%9C%E1%9F%80%E1%9E%8F%E1%9E%8E%E1%9E%B6%E1%9E%98/43977.vov?page=3 "HTTP/1.1 200 OK"
17:12:54 | INFO | HTTP Request: GET https://vov.vn/km-KH/%E1%9E%96%E1%9F%90%E1%9E%8F%E1%9F%8D%E1%9E%98%E1%9E%B6%E1%9E%93/43509.vov?page=3 "HTTP/1.1 200 OK"
17:12:54 | INFO | HTTP Request: GET https://vov.vn/km-KH/%E1%9E%80%E1%9E%B6%E1%9E%9A%E1%9E%9A%E1%9E%80%E1%9E%83%E1%9E%BE%E1%9E%89%E1%9E%9C%E1%9F%80%E1%9E%8F%E1%9E%8E%E1%9E%B6%E1%9E%98/43477.vov?page=3 "HTTP/1.1 200 OK"
17:12:54 | INFO | HTTP Request: GET https://vov.vn/km-KH/%E1%9E%9C%E1%9E%94%E1%9F%92%E1%9E%94%E1%9E%92%E1%9E%98%E1%9F%8D%E1%9E%9C%E1%9F%80%E1%9E%8F%E1%9E%8E%E1%9E%B6%E1%9E%98/43977.vov?page=53 "HTTP/1.1 200 OK"
17:12:54 | INFO | HTTP Request: GET https://vov.vn/km-KH/%E1%9E%96%E1%9F%90%E1%9E%8F%E1%9F%8D%E1%9E%98%E1%9E%B6%E1%9E%93/43509.vov?page=6095 "HTTP/1.1 200 OK"
17:12:54 | INFO | HTTP Request: GET https://vov.vn/km-KH/%E1%9E%9C%E1%9E%94%E1%9F%92%E1%9E%94%E1%9E%92%E1%9E%98%E1%9F%8D%E1%9E%9C%E1%9F%80%E1%9E%8F%E1%9E%8E%E1%9E%B6%E1%9E%98/43977.vov?page=4 "HTTP/1.1 200 OK"
17:12:54 | INFO | HTTP Request: GET https://vov.vn/km-KH/%E1%9E%80%E1%9E%B6%E1%9E%9A%E1%9E%9A%E1%9E%80%E1%9E%83%E1%9E%BE%E1%9E%89%E1%9E%9C%E1%9F%80%E1%9E%8F%E1%9E%8E%E1%9E%B6%E1%9E%98/43477.vov?page=60 "HTTP/1.1 200 OK"
17:12:54 | INFO | HTTP Request: GET https://vov.vn/van-hoa/ "HTTP/1.1 200 OK"
17:12:54 | INFO | HTTP Request: GET https://vov.vn/km-KH/%E1%9E%96%E1%9F%90%E1%9E%8F%E1%9F%8D%E1%9E%98%E1%9E%B6%E1%9E%93/43509.vov?page=4 "HTTP/1.1 200 OK"
17:12:55 | INFO | HTTP Request: GET https://vov.vn/du-lich/?page=1 "HTTP/1.1 200 OK"
17:12:55 | INFO | HTTP Request: GET https://vov.vn/km-KH/%E1%9E%80%E1%9E%B6%E1%9E%9A%E1%9E%9A%E1%9E%80%E1%9E%83%E1%9E%BE%E1%9E%89%E1%9E%9C%E1%9F%80%E1%9E%8F%E1%9E%8E%E1%9E%B6%E1%9E%98/43477.vov?page=4 "HTTP/1.1 200 OK"
17:12:55 | INFO | HTTP Request: GET https://vov.vn/km-KH/%E1%9E%9C%E1%9E%94%E1%9F%92%E1%9E%94%E1%9E%92%E1%9E%98%E1%9F%8D%E1%9E%9C%E1%9F%80%E1%9E%8F%E1%9E%8E%E1%9E%B6%E1%9E%98/43977.vov?page=52 "HTTP/1.1 200 OK"
17:12:55 | INFO | HTTP Request: GET https://vov.vn/km-KH/%E1%9E%96%E1%9F%90%E1%9E%8F%E1%9F%8D%E1%9E%98%E1%9E%B6%E1%9E%93/43509.vov?page=6094 "HTTP/1.1 200 OK"
17:12:55 | INFO | HTTP Request: GET https://vov.vn/km-KH/%E1%9E%80%E1%9E%B6%E1%9E%9A%E1%9E%9A%E1%9E%80%E1%9E%83%E1%9E%BE%E1%9E%89%E1%9E%9C%E1%9F%80%E1%9E%8F%E1%9E%8E%E1%9E%B6%E1%9E%98/43477.vov?page=59 "HTTP/1.1 200 OK"
17:12:55 | INFO | Discovered 232 candidate km articles
17:12:55 | INFO | HTTP Request: GET https://vov.vn/km-KH/vppdhmvietnnaam/phsaartet-bac-ha-1036952.vov "HTTP/1.1 200 OK"
17:12:55 | INFO | HTTP Request: GET https://vov.vn/km-KH/vppdhmvietnnaam/kaarqbhivdddhgmruuvppdhmrqaansievbhaucroenprbhednaudiikrungkyndhoe-2409000.vov "HTTP/1.1 200 OK"
17:12:55 | INFO | HTTP Request: GET https://vov.vn/km-KH/vppdhmvietnnaam/hung-yen-prmuulphtumgunnsmpttitaamtngdnlekrhm-toempiiqbhivdddhnvppdhmrkrooy-biikaarruampnycuulgnaa-2397349.vov "HTTP/1.1 200 OK"
17:12:55 | INFO | HTTP Request: GET https://vov.vn/km-KH/kaarrkghoenyvietnnaam/svaengrukrkpraasaadcaampuraann-petikbhnndtrsrvoeknaukhett-khanh-hoa-2243076.vov "HTTP/1.1 200 OK"
17:12:55 | INFO | HTTP Request: GET https://vov.vn/km-KH/kaarrkghoenyvietnnaam/diikrunghaannuuyjuayphtlbtmaansmraapbhnyievdescrprdes-1135282.vov "HTTP/1.1 200 OK"
17:12:56 | INFO | HTTP Request: GET https://vov.vn/km-KH/kaarrkghoenyvietnnaam/tmnnoerrukrk-taavaan-ta-van-nautaamphluuvjmraalbhnm-2414519.vov "HTTP/1.1 200 OK"
17:12:56 | INFO | HTTP Request: GET https://vov.vn/km-KH/kaarrkghoenyvietnnaam/tmnnoerdaukaan-yen-tu-vinh-nghiem-con-son-kiep-bac-2239536.vov "HTTP/1.1 200 OK"
17:12:56 | INFO | HTTP Request: GET https://vov.vn/km-KH/btmaan/lookprdhaan-rttthsbhaa-trin-thaanymin-truuvkaarvidhiisaasrtthmii-kaartrihrihthmii-ningskmmbhaabthmii-2435737.vov "HTTP/1.1 200 OK"
17:12:56 | INFO | HTTP Request: GET https://vov.vn/km-KH/btmaan/qiirngpntptisedhlkkhkhnndcrcaarpsshrttthqaamerik-2435705.vov "HTTP/1.1 200 OK"
17:12:56 | INFO | HTTP Request: GET https://vov.vn/km-KH/vppdhmvietnnaam/bhuumicrieng-xoan-puraann-khett-phu-tho-triemriepcmyaangmmaanyyksmraapbidhiipunnyvihaarstec-hung-2428737.vov "HTTP/1.1 200 OK"
17:12:56 | INFO | HTTP Request: GET https://vov.vn/km-KH/btmaan/khuddkaalyrtdhaabhipaalriepcmsnnisiddhpuuksrupkaarngaarchnaam2011-1036256.vov "HTTP/1.1 200 OK"
17:12:56 | INFO | HTTP Request: GET https://vov.vn/xa-hoi/?page=1 "HTTP/1.1 200 OK"
17:12:56 | INFO | HTTP Request: GET https://vov.vn/km-KH/vppdhmvietnnaam/ussaahkmmvppdhmr-kmlaamngclkrthmiismraapkaarqbhivdddhnaidiikrungtaannaamng-2415207.vov "HTTP/1.1 200 OK"
17:12:56 | INFO | HTTP Request: GET https://vov.vn/km-KH/vppdhmvietnnaam/diikrung-da-nang-cmnnaaydhndhaanjaacroentoempiiqbhivdddhnvppdhmr-2253173.vov "HTTP/1.1 200 OK"
17:12:56 | INFO | HTTP Request: GET https://vov.vn/km-KH/vppdhmvietnnaam/bnnrvppdhmr-khitkhmpryngpraeng-phsbvphsaaypetikbhnndvppdhmrtmaantmlaitlsaadhaarnnjn-2435298.vov "HTTP/1.1 200 OK"
17:12:56 | INFO | HTTP Request: GET https://vov.vn/km-KH/btmaan/dong-nai-khitkhmklaayjaadiikrungdmnoepningguarooycngrsnau-2435850.vov "HTTP/1.1 200 OK"
17:12:56 | INFO | HTTP Request: GET https://vov.vn/km-KH/vppdhmvietnnaam/priyaakaassppaayquuqrnaibidhiipunnysaentuuntaarpsprjaablrttthjnjaatikhmaer-2251783.vov "HTTP/1.1 200 OK"
17:12:57 | INFO | HTTP Request: GET https://vov.vn/km-KH/btmaan/snnisid-online-smaajiksbhaajmnaany-rttthsbhaavietnnaamniitikaaldii-13-1035861.vov "HTTP/1.1 200 OK"
17:12:57 | INFO | HTTP Request: GET https://vov.vn/km-KH/kaarrkghoenyvietnnaam/qekuudescrnnshgmnnauudyaanjaati-xuan-thuy-2251198.vov "HTTP/1.1 200 OK"
17:12:57 | INFO | HTTP Request: GET https://vov.vn/km-KH/vppdhmvietnnaam/gmroong-ha-hoi-2025-tbhjaapsilpa-tuong-jaamuaynyngdssnikjnsmydmnoep-2237055.vov "HTTP/1.1 200 OK"
17:12:57 | INFO | HTTP Request: GET https://vov.vn/km-KH/vppdhmvietnnaam/sbkmhuupraatriidii-30-tet-1268400.vov "HTTP/1.1 200 OK"
17:12:57 | INFO | HTTP Request: GET https://vov.vn/km-KH/vppdhmvietnnaam/kaarloekkmbstmlaivppdhmrrpsjnjaati-thai-naubhaagkhaanglickhettngeqaan-2417075.vov "HTTP/1.1 200 OK"
17:12:57 | INFO | HTTP Request: GET https://vov.vn/km-KH/vppdhmvietnnaam/pnntaaruupbhaabviirhqnkmtaayvietnnaamrpsqnkkaasaettran-hong-1066307.vov "HTTP/1.1 200 OK"
17:12:57 | INFO | HTTP Request: GET https://vov.vn/km-KH/btmaan/snnipaatpuuksrupsaaraacrlekh42rpskaariyaalynyoopaayniitikaaldii8-1036158.vov "HTTP/1.1 200 OK"
17:12:57 | INFO | HTTP Request: GET https://vov.vn/km-KH/vppdhmvietnnaam/nidaanryangvppdhmrvietnnaamtaamryahgemqnlaany-2424834.vov "HTTP/1.1 200 OK"
17:12:57 | INFO | HTTP Request: GET https://vov.vn/km-KH/btmaan/gnnakmmaadhikaarqcinrtairttthsbhaapoeksmyprjumloekdii-5-1035944.vov "HTTP/1.1 200 OK"
17:12:57 | INFO | HTTP Request: GET https://vov.vn/km-KH/vppdhmvietnnaam/mhuupqaahaarrpsjn-thai-khmaunaukhett-dien-bien-1041350.vov "HTTP/1.1 200 OK"
17:12:57 | INFO | HTTP Request: GET https://vov.vn/km-KH/vppdhmvietnnaam/punny-giong-bhuumi-phu-dong-1054196.vov "HTTP/1.1 200 OK"
17:12:57 | INFO | HTTP Request: GET https://vov.vn/km-KH/kaarrkghoenyvietnnaam/ruungbhnm-hua-ma-khett-thaingvien-pdbhlengnaibhnmthmningbelvelaa-2436322.vov "HTTP/1.1 200 OK"
17:12:57 | INFO | HTTP Request: GET https://vov.vn/km-KH/vppdhmvietnnaam/descrnntntriijmrunyussaahkmmvppdhmrnaidiikrunghaannuuy-2395280.vov "HTTP/1.1 200 OK"
17:12:57 | INFO | HTTP Request: GET https://vov.vn/km-KH/kaarrkghoenyvietnnaam/thung-ui-gooltaudescrnntaeldoepleccenynaukhettninypiny-2416297.vov "HTTP/1.1 200 OK"
17:12:57 | INFO | HTTP Request: GET https://vov.vn/km-KH/vppdhmvietnnaam/dmniemdmlaapdhvoeskkaarhpuujaabrhmaeningbidhiikaarqaarksjaannauvietnnaam-1060203.vov "HTTP/1.1 200 OK"
17:12:57 | INFO | HTTP Request: GET https://vov.vn/km-KH/btmaan/qyyrupprjhmmukhnyngthlaismbhaarayoodhaakoenloengkhbs-2435561.vov "HTTP/1.1 200 OK"
17:12:57 | INFO | HTTP Request: GET https://vov.vn/km-KH/kaarrkghoenyvietnnaam/ksittthaancinycymseh-ba-van-knlaengsukhsaantnauloevaalsmaupaitng-2229855.vov "HTTP/1.1 200 OK"
17:12:58 | INFO | HTTP Request: GET https://vov.vn/km-KH/kaarrkghoenyvietnnaam/tay-thien-tmnnoerviltrlpdaudyktiituuntaatbisittth-2426120.vov "HTTP/1.1 200 OK"
17:12:58 | INFO | HTTP Request: GET https://vov.vn/km-KH/btmaan/qgglekhaapks-prdhaanrttth-looktuu-2436101.vov "HTTP/1.1 200 OK"
17:12:58 | INFO | HTTP Request: GET https://vov.vn/km-KH/btmaan/qtthpdrpsqgglekhaapks-prdhaanrttth-looktuu-lym-bnlyyhuujiiminy-pmbhlyyphluuvsmraapyoeng-2435550.vov "HTTP/1.1 200 OK"
17:12:58 | INFO | HTTP Request: GET https://vov.vn/km-KH/btmaan/prdhaanrttthsbhaalooktryn-2436012.vov "HTTP/1.1 200 OK"
17:12:58 | INFO | HTTP Request: GET https://vov.vn/km-KH/kaarrkghoenyvietnnaam/phkaamaakkhaijrlkbnnrphkaajhuukloebhuumikhbngraap-2408205.vov "HTTP/1.1 200 OK"
17:12:58 | INFO | HTTP Request: GET https://vov.vn/km-KH/btmaan/prdhaanrttthvietnnaamjuapdhoevkaarjaamuaygnnakmmaadhikaarqcintraishbndhmedhaaviivietnnaam-1036175.vov "HTTP/1.1 200 OK"
17:12:58 | INFO | HTTP Request: GET https://vov.vn/km-KH/btmaan/saarqpqrsaadrdivaapunnyjaatinrves-2435558.vov "HTTP/1.1 200 OK"
17:12:58 | INFO | HTTP Request: GET https://vov.vn/km-KH/vppdhmvietnnaam/kaarthaerksaaningpngrienbhleng-then-naukhett-thai-nguyen-2398611.vov "HTTP/1.1 200 OK"
17:12:58 | INFO | HTTP Request: GET https://vov.vn/km-KH/kaarrkghoenyvietnnaam/qnyjoenymkdssnaabhuumi-lo-lo-chai-2261557.vov "HTTP/1.1 200 OK"
17:12:58 | INFO | HTTP Request: GET https://vov.vn/km-KH/kaarrkghoenyvietnnaam/cat-ba-gooltaudaakdaanynairtuuvktau-2244219.vov "HTTP/1.1 200 OK"
17:12:58 | INFO | HTTP Request: GET https://vov.vn/km-KH/vppdhmvietnnaam/kaarpngkoetloengvinynuuvpriyaakaaspunnytet-2410662.vov "HTTP/1.1 200 OK"
17:12:58 | INFO | HTTP Request: GET https://vov.vn/km-KH/kaarrkghoenyvietnnaam/ho-tram-gooltaupaitngnauloephaendiidescrnnvietnnaam-2239276.vov "HTTP/1.1 200 OK"
17:12:59 | INFO | HTTP Request: GET https://vov.vn/km-KH/btmaan/vietnnaamningpngklaataesbngryngkaartbhjaapsettthkicc-2436555.vov "HTTP/1.1 200 OK"
17:12:59 | INFO | HTTP Request: GET https://vov.vn/km-KH/kaarrkghoenyvietnnaam/sptaahdescrrnn-ha-long-1051567.vov "HTTP/1.1 200 OK"
17:12:59 | INFO | HTTP Request: GET https://vov.vn/km-KH/vppdhmvietnnaam/haannuuynaabrlymthngaitmpuungnaichnaamthmii-1037284.vov "HTTP/1.1 200 OK"
17:12:59 | INFO | HTTP Request: GET https://vov.vn/km-KH/btmaan/vietnnaamgyyjaataiguutsvaahaaprpsqiisraaqael-taeltoertuanaadiikaantaesmkhaannauknungqaasiiqaagney-2435940.vov "HTTP/1.1 200 OK"
17:12:59 | INFO | HTTP Request: GET https://vov.vn/km-KH/btmaan/tmpnjaacroenloeduudaamngprdesdausaaksuarsukhdukkhningjuunqmnnooytet-tljnruamjaatijaajnjaatibhaag-1035941.vov "HTTP/1.1 200 OK"
17:12:59 | INFO | HTTP Request: GET https://vov.vn/km-KH/vppdhmvietnnaam/kaarqbhirksbrlyngnaisaastraaslykrytnauloevedikaadiijiithl-40-2423677.vov "HTTP/1.1 200 OK"
17:12:59 | INFO | HTTP Request: GET https://vov.vn/km-KH/vppdhmvietnnaam/descrnnkhaangvinynyaanntbhjaapvppdhmrningjmnyasaasnaa-2239277.vov "HTTP/1.1 200 OK"
17:12:59 | INFO | HTTP Request: GET https://vov.vn/km-KH/kaarrkghoenyvietnnaam/dykjrooh-khuoi-nhi-smrstruumaendiknauknntaalbrailvynglvoeynaikhett-tuyen-quang-2268659.vov "HTTP/1.1 200 OK"
17:12:59 | INFO | HTTP Request: GET https://vov.vn/km-KH/kaarrkghoenyvietnnaam/diilaan-ba-dinh-nimittruupnaimoodnbhaabjaati-2245931.vov "HTTP/1.1 200 OK"
17:12:59 | INFO | HTTP Request: GET https://vov.vn/km-KH/vppdhmvietnnaam/kaarpngkoetpetikbhnndloengvinyyaangrsrvoektaamryapccekvidyaa-2431544.vov "HTTP/1.1 200 OK"
17:12:59 | INFO | HTTP Request: GET https://vov.vn/km-KH/kaarrkghoenyvietnnaam/qnyjoenymkdssnaa-vimaanlekh-3-rpsstec-bao-dai-nauknntaalbraisrlnaidiikrung-da-lat-khett-lam-dong-2256082.vov "HTTP/1.1 200 OK"
17:12:59 | INFO | HTTP Request: GET https://vov.vn/km-KH/vppdhmvietnnaam/smlengkraapraapbaanchnaam-tmnnoersilpa-toempiiqbhirkspetikbhnnd-ca-tru-2421849.vov "HTTP/1.1 200 OK"
17:12:59 | INFO | HTTP Request: GET https://vov.vn/km-KH/vppdhmvietnnaam/vietnnaam-cmnnuclecdhloonaimhuupqaahaarqaasii-2267596.vov "HTTP/1.1 200 OK"
17:13:00 | INFO | HTTP Request: GET https://vov.vn/km-KH/btmaan/qaannikjnvietnnaamnauthai-smlyngchbooh-daumaatubhuumi-2435741.vov "HTTP/1.1 200 OK"
17:13:00 | INFO | HTTP Request: GET https://vov.vn/km-KH/vppdhmvietnnaam/qnkqksrsaasrtvietnnaam-ma-van-khang-1050787.vov "HTTP/1.1 200 OK"
17:13:00 | INFO | HTTP Request: GET https://vov.vn/km-KH/vppdhmvietnnaam/qaavphaay-nimittruupvppdhm1rpsvietnnaam-1048330.vov "HTTP/1.1 200 OK"
17:13:00 | INFO | HTTP Request: GET https://vov.vn/km-KH/kaarrkghoenyvietnnaam/duardescrnnkooh-ly-son-khaetr-quang-ngai-1049169.vov "HTTP/1.1 200 OK"
17:13:00 | INFO | HTTP Request: GET https://vov.vn/km-KH/vppdhmvietnnaam/vngbhlengbinnbaadyrpsjnruamjaatikhmaer-1041105.vov "HTTP/1.1 200 OK"
17:13:00 | INFO | HTTP Request: GET https://vov.vn/km-KH/vppdhmvietnnaam/bidhiiqumduukngrrpsjnruamjaatikhmaer-naukhett-soc-trangbhaagkhaangtpuungvietnnaam-1250322.vov "HTTP/1.1 200 OK"
17:13:00 | INFO | HTTP Request: GET https://vov.vn/km-KH/kaarrkghoenyvietnnaam/duardescrnndhvoejaaksikr-1046988.vov "HTTP/1.1 200 OK"
17:13:00 | INFO | HTTP Request: GET https://vov.vn/km-KH/vppdhmvietnnaam/stvnaagknungqaarmmnnrrpsprjaajnvietnnaam-1217450.vov "HTTP/1.1 200 OK"
17:13:00 | INFO | HTTP Request: GET https://vov.vn/km-KH/kaarrkghoenyvietnnaam/raatriibisittthnauloebhnm-nghia-linh-tmnnoertrlpdaurkrysgl-2424375.vov "HTTP/1.1 200 OK"
17:13:00 | INFO | HTTP Request: GET https://vov.vn/km-KH/btmaan/diikrunghuujiiminy-sthit-knung-pnyjiikmbuuldaamng-100-naiprbndhqekuuluusiicaapphtoemqaajiivkmmskl-2436318.vov "HTTP/1.1 200 OK"
17:13:00 | INFO | HTTP Request: GET https://vov.vn/km-KH/btmaan/rmlykkhuaploekdii-136-divaakmnnoetrpslookprdhaanhuujiiminy-2435936.vov "HTTP/1.1 200 OK"
17:13:00 | INFO | HTTP Request: GET https://vov.vn/km-KH/kaarrkghoenyvietnnaam/mnoosnyjetnaabisesrvaangvietnnaam-kmbujaa-1051558.vov "HTTP/1.1 200 OK"
17:13:00 | INFO | HTTP Request: GET https://vov.vn/km-KH/vppdhmvietnnaam/gom-show-nidaanryangvppdhmrvietnnaam-2235182.vov "HTTP/1.1 200 OK"
17:13:00 | INFO | HTTP Request: GET https://vov.vn/km-KH/btmaan/vietnnaamningnuuvaelselng-khitkhmsmrecpaanbaannijjkmmdvebhaagiicmnuan-3-baanlaantullaarqaamerik-2436409.vov "HTTP/1.1 200 OK"
17:13:00 | INFO | HTTP Request: GET https://vov.vn/van-hoa/?page=1 "HTTP/1.1 200 OK"
17:13:01 | INFO | HTTP Request: GET https://vov.vn/km-KH/kaarrkghoenyvietnnaam/saarmndiir-to-huu-diiknlaengtaelkmnnaabytruuvpaanbhjaapjaamuaynyngprvttisaastrjaati-2422647.vov "HTTP/1.1 200 OK"
17:13:01 | INFO | HTTP Request: GET https://vov.vn/km-KH/btmaan/smyprjumloekdii-5rpsgnnhkmmaadhikaarqcintraiyrttthsbhaa-paanpidnaurttthdhaaniihaannuuy-1036036.vov "HTTP/1.1 200 OK"
17:13:01 | INFO | HTTP Request: GET https://vov.vn/km-KH/vppdhmvietnnaam/prbhbtoemnaitmlaivppdhmkhaetr-ha-nam-1070241.vov "HTTP/1.1 200 OK"
17:13:01 | INFO | HTTP Request: GET https://vov.vn/km-KH/btmaan/baannijjkmmvietnnaam-singhpuriipntkttraasnduh-vijjmaan-2436357.vov "HTTP/1.1 200 OK"
17:13:01 | INFO | HTTP Request: GET https://vov.vn/km-KH/btmaan/smaajiksbhaaqaamerik-robert-earl-filner-juapdhvoekaarjaamuaysmaagmjnrnggrooh-1248780.vov "HTTP/1.1 200 OK"
17:13:01 | INFO | HTTP Request: GET https://vov.vn/km-KH/btmaan/snnisiddhgnnakmmaadhikaarmjjhymrnnsirsmaatubhuumivietnnaamloekdii4paanpidnaudiikrunghuujiiminy-1036159.vov "HTTP/1.1 200 OK"
17:13:01 | INFO | HTTP Request: GET https://vov.vn/km-KH/btmaan/phnaekdescrnnrnaipnntaaprdesqaasaannyngkoen6knungchnaam2012-1036259.vov "HTTP/1.1 200 OK"
17:13:01 | INFO | HTTP Request: GET https://vov.vn/km-KH/vppdhmvietnnaam/phdh-rong-pehtuungrpsbhuumijnjaati-ba-na-1038164.vov "HTTP/1.1 200 OK"
17:13:01 | INFO | HTTP Request: GET https://vov.vn/du-lich/?page=2 "HTTP/1.1 200 OK"
17:13:01 | INFO | HTTP Request: GET https://vov.vn/km-KH/kaarrkghoenyvietnnaam/bidhiipunny-nghinh-ong-ghum-can-gio-diimktlnaivppdhmrningdescrnnpaitng-2257644.vov "HTTP/1.1 200 OK"
17:13:01 | INFO | HTTP Request: GET https://vov.vn/km-KH/kaarrkghoenyvietnnaam/mkdssnaacon-dao-mnndlgerittmnnaelprvttisaasrtptivttn1nauvietnnaam-1042106.vov "HTTP/1.1 200 OK"
17:13:01 | INFO | HTTP Request: GET https://vov.vn/km-KH/kaarrkghoenyvietnnaam/caevduukkmsaant-rukrkbraismaac-u-minh-ha-2410003.vov "HTTP/1.1 200 OK"
17:13:01 | INFO | HTTP Request: GET https://vov.vn/km-KH/btmaan/loekkmbskaarcrcaasntibhaabnauqiirng-2435559.vov "HTTP/1.1 200 OK"
17:13:02 | INFO | HTTP Request: GET https://vov.vn/km-KH/kaarrkghoenyvietnnaam/suancpaarrukkhsaastrhaannuuy-gooltaudescrnnpaitngtdaakdaany-2399676.vov "HTTP/1.1 200 OK"
17:13:02 | INFO | HTTP Request: GET https://vov.vn/km-KH/kaarrkghoenyvietnnaam/rukrkbraismaac-traa-syy-tra-su-naukhettqaanyaang-2404557.vov "HTTP/1.1 200 OK"
17:13:02 | INFO | HTTP Request: GET https://vov.vn/km-KH/kaarrkghoenyvietnnaam/mnndlkertitmnnaelmy-son-1053816.vov "HTTP/1.1 200 OK"
17:13:02 | INFO | HTTP Request: GET https://vov.vn/km-KH/vppdhmvietnnaam/belpnntaamittvykmengcrieng-vi-giam-1254301.vov "HTTP/1.1 200 OK"
17:13:02 | INFO | HTTP Request: GET https://vov.vn/km-KH/kaarrkghoenyvietnnaam/bhuumipuraannduong-lam-1052656.vov "HTTP/1.1 200 OK"
17:13:02 | INFO | HTTP Request: GET https://vov.vn/km-KH/btmaan/gnnakmmaadhikaarghoosnaaprjaajnmjjhymrpiepcmsnnisidpuuksrupchnaam2011-1036257.vov "HTTP/1.1 200 OK"
17:13:02 | INFO | HTTP Request: GET https://vov.vn/km-KH/kaarrkghoenyvietnnaam/sktaanubhaabnaidescrnnvan-don-1056199.vov "HTTP/1.1 200 OK"
17:13:02 | INFO | HTTP Request: GET https://vov.vn/km-KH/vppdhmvietnnaam/khaetrthua-thien-hue-jmrunykhlaamngkaarngaarkaarbaarpetikbhnnnn-1051716.vov "HTTP/1.1 200 OK"
17:13:02 | INFO | HTTP Request: GET https://vov.vn/km-KH/vppdhmvietnnaam/ruupbhaabrps-yudtthnaarii-vo-thi-sauknungtuangcittprjaajn-con-dao-1067557.vov "HTTP/1.1 200 OK"
17:13:02 | INFO | HTTP Request: GET https://vov.vn/km-KH/btmaan/liipngningqiisraaqael-ylbrmbnyaapdjhppaanyryabel-45-thngaidiet-2435311.vov "HTTP/1.1 200 OK"
17:13:02 | INFO | HTTP Request: GET https://vov.vn/km-KH/btmaan/qgglekhaapks-prdhaanrttth-look-tuu-lym-2435938.vov "HTTP/1.1 200 OK"
17:13:02 | INFO | HTTP Request: GET https://vov.vn/km-KH/kaarrkghoenyvietnnaam/bhuumipetikbhnndthm-gooltaudescrnnthmiitguarooydaakdaanynaukhetttaaklaak-2432910.vov "HTTP/1.1 200 OK"
17:13:02 | INFO | HTTP Request: GET https://vov.vn/km-KH/btmaan/lookupnaaykrttthmntrii-phaam-yaa-duk-cuulruamsnnisiidstiibiikaarprkaasphaenkaar-2435555.vov "HTTP/1.1 200 OK"
17:13:02 | INFO | HTTP Request: GET https://vov.vn/km-KH/vppdhmvietnnaam/vietnnaampngkoenkaarngaarqbhirkyningbngriiktmlainaipnntaakertitmnnael-prvttisaasrtningvppdhm-1046981.vov "HTTP/1.1 200 OK"
17:13:03 | INFO | HTTP Request: GET https://vov.vn/km-KH/vppdhmvietnnaam/kmlaamngrsrpspdcmriengprvttisaastrtuucjaamaanlookqmhuuknungthngai-mhaajyjmnh-1051733.vov "HTTP/1.1 200 OK"
17:13:03 | INFO | HTTP Request: GET https://vov.vn/km-KH/kaarrkghoenyvietnnaam/suanprmuulphtumrukkhjaati-ningjuaysnggroohstvbrai-lung-ngoc-hoang-khett-hau-giang-2228098.vov "HTTP/1.1 200 OK"
17:13:03 | INFO | HTTP Request: GET https://vov.vn/km-KH/btmaan/gnnhkmmaadhikaarmjjhymrnnhsirymaatubhuumivietnnaam-niitikaaldii-7-1035958.vov "HTTP/1.1 200 OK"
17:13:03 | INFO | HTTP Request: GET https://vov.vn/km-KH/vppdhmvietnnaam/tmlaivppdhmr-prbhbdhndhaankhaangknungsmraapkaarqbhivdddhprkptooyciirbhaab-2240516.vov "HTTP/1.1 200 OK"
17:13:03 | INFO | HTTP Request: GET https://vov.vn/km-KH/kaarrkghoenyvietnnaam/duardescrnnbrailicdykprainaukhett-khanh-hoa-vietnnaam-1057431.vov "HTTP/1.1 200 OK"
17:13:03 | INFO | HTTP Request: GET https://vov.vn/km-KH/btmaan/krsuangsukhaabhipaalpngkoenkaarghlaammoel-naucmboohmukhhaanibhynaijmngyyqepuulaa-2435734.vov "HTTP/1.1 200 OK"
17:13:03 | INFO | HTTP Request: GET https://vov.vn/km-KH/btmaan/bnlyanbaannijjkmm-jmrunykaarnaamcenynaamcuulrvaangvietnnaam-kmbujaa-2435308.vov "HTTP/1.1 200 OK"
17:13:03 | INFO | HTTP Request: GET https://vov.vn/km-KH/vppdhmvietnnaam/klypvppdhmrruamcmnnaektlkaarqbhirksvppdhmrprbainniirpsjnjaati-2265894.vov "HTTP/1.1 200 OK"
17:13:03 | INFO | HTTP Request: GET https://vov.vn/km-KH/vppdhmvietnnaam/silpaprbainniirpsjnruamjaaticaamdaakcittbhnyievdescr-2430308.vov "HTTP/1.1 200 OK"
17:13:03 | INFO | HTTP Request: GET https://vov.vn/km-KH/kaarrkghoenyvietnnaam/festival-huepaanqhqaangnuuvbaannijjsnynyaanaidescrnnvietnnaam-1050380.vov "HTTP/1.1 200 OK"
17:13:03 | INFO | HTTP Request: GET https://vov.vn/km-KH/kaarrkghoenyvietnnaam/vtt-svaays-snaataisthaaptykmmtaelpngkpnuuvqttsnynyaannnaibrhbuddhsaasnaathervaadkhmaer-2411670.vov "HTTP/1.1 200 OK"
17:13:03 | INFO | HTTP Request: GET https://vov.vn/km-KH/btmaan/qiirngbrmaanbiikaarbngriiksnggraam-prsinpoeshrttthqaamerikningqiisraaqaelpntpngkryanghetu-2436553.vov "HTTP/1.1 200 OK"
17:13:03 | INFO | HTTP Request: GET https://vov.vn/km-KH/btmaan/kaarcrcaabaannijjkmmrvaangshrttthqaamerikningcinsmrecpaanlddhphlvijjmaan-2435560.vov "HTTP/1.1 200 OK"
17:13:03 | INFO | HTTP Request: GET https://vov.vn/km-KH/kaarrkghoenyvietnnaam/bau-trang-tthaansuagrkhsaacsnaukhett-lam-dong-2249189.vov "HTTP/1.1 200 OK"
17:13:03 | INFO | HTTP Request: GET https://vov.vn/km-KH/vppdhmvietnnaam/bidhiisaendevtaacngkraan-lkkhnnavppdhmrprbainniitsrssqaat-2412281.vov "HTTP/1.1 200 OK"
17:13:03 | INFO | HTTP Request: GET https://vov.vn/km-KH/vppdhmvietnnaam/suursmlenggaen-thaerksaabrlyngrpsjnjaati-mong-2264496.vov "HTTP/1.1 200 OK"
17:13:03 | INFO | HTTP Request: GET https://vov.vn/km-KH/vppdhmvietnnaam/jnprdesddualpunnytetprbainniivietnnaam-1037316.vov "HTTP/1.1 200 OK"
17:13:03 | INFO | HTTP Request: GET https://vov.vn/km-KH/btmaan/looknaayuttmseniiy-hvaan-vaanyaang-upnaaykrttthmntriiningjaarttthmntriikrsuangkaarbaarjaativietnnaam-2436219.vov "HTTP/1.1 200 OK"
17:13:04 | INFO | HTTP Request: GET https://vov.vn/km-KH/btmaan/qgglekhaapks-prdhaanrttthlook-tuu-lym-prmuulphtumdhndhaanloepuulkmnnoen-2436324.vov "HTTP/1.1 200 OK"
17:13:04 | INFO | HTTP Request: GET https://vov.vn/km-KH/btmaan/saadhaarnnhmtiqntrjaatiqmbiikaartaelqiirngprkaascaap-phtoemcmraanysaardhaatu-uranium-1036029.vov "HTTP/1.1 200 OK"
17:13:04 | INFO | HTTP Request: GET https://vov.vn/km-KH/btmaan/vietnnaamningsuyqaet-loekkmbsyntkaarshprtipttikaartaelmaansraap-2436221.vov "HTTP/1.1 200 OK"
17:13:04 | INFO | HTTP Request: GET https://vov.vn/km-KH/vppdhmvietnnaam/lkkhnnhbisesnaibidhiipunnybrhmaerpsjn-ruamjaati-muong-1043520.vov "HTTP/1.1 200 OK"
17:13:04 | INFO | HTTP Request: GET https://vov.vn/km-KH/btmaan/vietnnaamnyngshkaaryaangjitsniddhjaamuayshrttthqaameriktoempiismrecpaankiccbrmbriengbaannijjkmmptika-2436329.vov "HTTP/1.1 200 OK"
17:13:04 | INFO | HTTP Request: GET https://vov.vn/km-KH/kaarrkghoenyvietnnaam/lennttthaansmngaat-qggpnyjaakaarttthaannaikngdbprjaajnvietnnaamknungsmytsuu-2259813.vov "HTTP/1.1 200 OK"
17:13:04 | INFO | HTTP Request: GET https://vov.vn/km-KH/kaarrkghoenyvietnnaam/duardescrnnkmsaantcmrieng-hue-loednle-huong-1060972.vov "HTTP/1.1 200 OK"
17:13:04 | INFO | HTTP Request: GET https://vov.vn/km-KH/vppdhmvietnnaam/smiddhiphl-50-chnaamnaisilpalkhoonrttthdhaaniihaannuuy-2225401.vov "HTTP/1.1 200 OK"
17:13:04 | INFO | HTTP Request: GET https://vov.vn/km-KH/kaarrkghoenyvietnnaam/visaalbhaabsrstrkaalnaipyngkhaanglic-1232356.vov "HTTP/1.1 200 OK"
17:13:04 | INFO | HTTP Request: GET https://vov.vn/km-KH/vppdhmvietnnaam/bidhiirmlykkhuuppnntaastechung-critlkkhnnhthmii-1291180.vov "HTTP/1.1 200 OK"
17:13:04 | INFO | HTTP Request: GET https://vov.vn/km-KH/btmaan/liipng-ningqiisraaqaelpntkicccrcaanaushrttthqaamerik-2435239.vov "HTTP/1.1 200 OK"
17:13:04 | INFO | HTTP Request: GET https://vov.vn/km-KH/kaarrkghoenyvietnnaam/vietnnaam-gooltaudescrnntsmpuurdautooyqttsnynyaannnauloephaendiidescrnnbibhblook-2401361.vov "HTTP/1.1 200 OK"
17:13:04 | INFO | HTTP Request: GET https://vov.vn/km-KH/kaarrkghoenyvietnnaam/duardescrnnpetikbhnnd-1048108.vov "HTTP/1.1 200 OK"
17:13:04 | INFO | HTTP Request: GET https://vov.vn/km-KH/btmaan/prdhaanaadhiptiirussii-caapphtoemtmnnoerdssnkiccnau-prdescin-2436347.vov "HTTP/1.1 200 OK"
17:13:04 | INFO | HTTP Request: GET https://vov.vn/km-KH/vppdhmvietnnaam/bidhiipunnysaenbrensuumooymaandykbhliengrpsjnjaatikhomu-1047221.vov "HTTP/1.1 200 OK"
17:13:04 | INFO | HTTP Request: GET https://vov.vn/km-KH/vppdhmvietnnaam/quang-nam-staarnyngqbhivddypnntaaprbhedsilphprbainnii-1042412.vov "HTTP/1.1 200 OK"
17:13:04 | INFO | HTTP Request: GET https://vov.vn/km-KH/vppdhmvietnnaam/nidaaghartuuvmktlshgmnjn-chamnaudiikrunghuujiimiiny-1037699.vov "HTTP/1.1 200 OK"
17:13:04 | INFO | HTTP Request: GET https://vov.vn/km-KH/btmaan/snnisiddhpuuksrupkmmvidhiiksaangbisoodhnruupsnndhaanjnpdthmii-1036258.vov "HTTP/1.1 200 OK"
17:13:05 | INFO | HTTP Request: GET https://vov.vn/km-KH/vppdhmvietnnaam/pndhjhoecmlaakqksrstiibiibrhbuddhsaasnaavttvinh-nghiem-1056604.vov "HTTP/1.1 200 OK"
17:13:05 | INFO | HTTP Request: GET https://vov.vn/km-KH/vppdhmvietnnaam/don-ca-tai-tu-silpadaakdaanybhnyievdescrmktlkhett-long-an-2226832.vov "HTTP/1.1 200 OK"
17:13:05 | INFO | HTTP Request: GET https://vov.vn/km-KH/btmaan/qnuprdhaanrttthsbhaavietnnaampnycptmnnoerdsskiccnaucinprkptooyjoogjy-1035839.vov "HTTP/1.1 200 OK"
17:13:05 | INFO | HTTP Request: GET https://vov.vn/km-KH/kaarrkghoenyvietnnaam/bhaabvisesvisaalknungchnaamdescrnnjaati2012-1288045.vov "HTTP/1.1 200 OK"
17:13:05 | INFO | HTTP Request: GET https://vov.vn/km-KH/vppdhmvietnnaam/thaerksaakpaacrpaamprjaapriynautmpn-taingvien-2401856.vov "HTTP/1.1 200 OK"
17:13:05 | INFO | HTTP Request: GET https://vov.vn/km-KH/vppdhmvietnnaam/prjaajnnautmpnkhbngraapkhett-lai-chau-qmnnrsaadrpraarbdhdivaapunnyekraajyjaati-2248008.vov "HTTP/1.1 200 OK"
17:13:05 | INFO | HTTP Request: GET https://vov.vn/km-KH/vppdhmvietnnaam/vppdhmrprbainniinaibhuumibhaagvietnnaamdaamng-3-prmuulphtumgnaaknungkmmvidhii-2231528.vov "HTTP/1.1 200 OK"
17:13:05 | INFO | HTTP Request: GET https://vov.vn/km-KH/vppdhmvietnnaam/mhuupdhvoebiiqmpuktooymaanrsjaatibisesnaisrdrtuuvhaannuuy-2254960.vov "HTTP/1.1 200 OK"
17:13:05 | INFO | HTTP Request: GET https://vov.vn/km-KH/vppdhmvietnnaam/kaarprmuulphtumqttsnynyaann-qhqaangnuuvtthaanarpsvppdhmrvietnnaamknunglmhuurjiivbhaabsmydmnoep-2249471.vov "HTTP/1.1 200 OK"
17:13:05 | INFO | HTTP Request: GET https://vov.vn/km-KH/btmaan/srsaijhaamdiijiithl-ningkaarprnnaamngprjaengtoempiikaarbaarbibhblooktaelmaankaartbhjaap-2435557.vov "HTTP/1.1 200 OK"
17:13:05 | INFO | HTTP Request: GET https://vov.vn/km-KH/kaarrkghoenyvietnnaam/haannuuyjaaknlaeng1knungcmnnoomknlaengmkguarooydaakdaanybhnyiev-1064618.vov "HTTP/1.1 200 OK"
17:13:06 | INFO | HTTP Request: GET https://vov.vn/km-KH/kaarrkghoenyvietnnaam/qnyjoenymkdssnaabhuumisubhmnggl-thai-hai-2231515.vov "HTTP/1.1 200 OK"
17:13:06 | INFO | HTTP Request: GET https://vov.vn/km-KH/kaarrkghoenyvietnnaam/phsaarstvlqit-na-si-tbises-2434672.vov "HTTP/1.1 200 OK"
17:13:06 | INFO | HTTP Request: GET https://vov.vn/km-KH/kaarrkghoenyvietnnaam/diikrung-nha-trangmaanphaenkaarqbhivdddhndescrnn-paitng-1046079.vov "HTTP/1.1 200 OK"
17:13:06 | INFO | HTTP Request: GET https://vov.vn/km-KH/kaarrkghoenyvietnnaam/stvsehnauknungdssnsilpa-biiprjaapriydausmydmnoep-2413441.vov "HTTP/1.1 200 OK"
17:13:06 | INFO | HTTP Request: GET https://vov.vn/km-KH/btmaan/pngkoenkiccshprtipttikaarrvaangkrsuangkaarbaarprdesvietnnaamningkrsuangkaarbaarjaatiinndaa-2435977.vov "HTTP/1.1 200 OK"
17:13:06 | INFO | HTTP Request: GET https://vov.vn/km-KH/kaarrkghoenyvietnnaam/loc-yen-taentiidebqpsr-tsukhsaant-2263325.vov "HTTP/1.1 200 OK"
17:13:06 | INFO | HTTP Request: GET https://vov.vn/km-KH/vppdhmvietnnaam/silpapaaktooytailoekrnnaatkmnyii-2426422.vov "HTTP/1.1 200 OK"
17:13:06 | INFO | HTTP Request: GET https://vov.vn/km-KH/kaarrkghoenyvietnnaam/qnyjoenymktllpaakdykdhlaak-ban-ba-tuyen-quang-toempii-nguutdykbrai-2234656.vov "HTTP/1.1 200 OK"
17:13:06 | INFO | HTTP Request: GET https://vov.vn/km-KH/kaarrkghoenyvietnnaam/tmpndescrnnqekuuluusii-ngoc-dong-khett-phu-tho-daakdaanybhnyievdescrprdes-2429629.vov "HTTP/1.1 200 OK"
17:13:06 | INFO | HTTP Request: GET https://vov.vn/km-KH/kaarrkghoenyvietnnaam/chlngkaatpdbisoodhnnaitmnnoerdescrnnksikmmjumvinybhnm-ba-den-2421062.vov "HTTP/1.1 200 OK"
17:13:06 | INFO | HTTP Request: GET https://vov.vn/km-KH/kaarrkghoenyvietnnaam/duardescennvihaarpnntaastechung-1043182.vov "HTTP/1.1 200 OK"
17:13:06 | INFO | HTTP Request: GET https://vov.vn/km-KH/kaarrkghoenyvietnnaam/qnyjoenymktl-da-lat-khett-lam-dong-toempiiddualpdbisoodhnpehphlae-strpyyrii-2260145.vov "HTTP/1.1 200 OK"
17:13:06 | INFO | HTTP Request: GET https://vov.vn/km-KH/vppdhmvietnnaam/smrsdesbhaabcmruhnaipnntaakhettbhaagbaaybyrpsvietnnaampngquatnaudiikrunghaannuuy-1053197.vov "HTTP/1.1 200 OK"
17:13:06 | INFO | HTTP Request: GET https://vov.vn/km-KH/btmaan/snnisiddhpuuksrupkaarngaarnaiphnaekrttthqaajnyaaqmtulaakaaprjaajn-chnaam-2011-ning-1035796.vov "HTTP/1.1 200 OK"
17:13:07 | INFO | HTTP Request: GET https://vov.vn/km-KH/btmaan/jmloohnaumjjhimpuubraa-shrttthqaameriklupcoolphaenkaarvaayprhaarloengvinyloeqiirng-2435944.vov "HTTP/1.1 200 OK"
17:13:07 | INFO | HTTP Request: GET https://vov.vn/km-KH/kaarrkghoenyvietnnaam/mkdssnaavihaarpnntaastechung-1156751.vov "HTTP/1.1 200 OK"
17:13:07 | INFO | HTTP Request: GET https://vov.vn/km-KH/kaarrkghoenyvietnnaam/kmmvidhiisilpalmtaapbibhblook-taelnidaanryangqmbiismudr-phu-quoc-2254215.vov "HTTP/1.1 200 OK"
17:13:07 | INFO | HTTP Request: GET https://vov.vn/km-KH/kaarrkghoenyvietnnaam/dykjroohktauraekhnyc-thanh-tan-1056198.vov "HTTP/1.1 200 OK"
17:13:07 | INFO | HTTP Request: GET https://vov.vn/km-KH/vppdhmvietnnaam/smlengcrieng-then-tbiroohrnntmrpsjnjaati-tay-nau-khanh-xuan-2228905.vov "HTTP/1.1 200 OK"
17:13:07 | INFO | HTTP Request: GET https://vov.vn/km-KH/vppdhmvietnnaam/phsaar-si-lo-lau-diiknlaengjuappraasryvppdhmrnautmpnbrmtaenkhettlaaycuuv-2413614.vov "HTTP/1.1 200 OK"
17:13:07 | INFO | HTTP Request: GET https://vov.vn/km-KH/kaarrkghoenyvietnnaam/muaythngainausuanstv-zoodoo-pdbisoodhntaelminqaacpmbhlecpaannau-da-lat-2252830.vov "HTTP/1.1 200 OK"
17:13:07 | INFO | HTTP Request: GET https://vov.vn/km-KH/kaarrkghoenyvietnnaam/udyaanjaati-vu-quang-maanprbndhqekuuluusiicmruhpmphutnauvietnnaam-2236174.vov "HTTP/1.1 200 OK"
17:13:07 | INFO | HTTP Request: GET https://vov.vn/km-KH/kaarrkghoenyvietnnaam/huu-lien-diiknlaengloengbhnmphsngbrengnaukhettlaangsyyn-daakdaanybhnyievdescr-2397933.vov "HTTP/1.1 200 OK"
17:13:07 | INFO | HTTP Request: GET https://vov.vn/km-KH/kaarrkghoenyvietnnaam/huuvlien-khett-laangsyyn-qbhirkstmlaipetikbhnndtoempiiqbhivdddhndescrnn-2419146.vov "HTTP/1.1 200 OK"
17:13:07 | INFO | HTTP Request: GET https://vov.vn/km-KH/btmaan/russiiningcincuhhtthlekhaaloeeksaarshprtipttikaarjaang-40-2436551.vov "HTTP/1.1 200 OK"
17:13:07 | INFO | HTTP Request: GET https://vov.vn/km-KH/btmaan/lookprdhaanrttthsbhaa-trin-thaanymin-phtootloekaardhvoesenaadhikaargoolnyoopaay-2436358.vov "HTTP/1.1 200 OK"
17:13:07 | INFO | HTTP Request: GET https://vov.vn/km-KH/btmaan/setvimaancenysecktiiprkaasbtrmaanjaaphluuvkaarstiibiilddhphlnaitmnnoerdssnkiccrpsprdhaanaadhiptii-2435945.vov "HTTP/1.1 200 OK"
17:13:07 | INFO | HTTP Request: GET https://vov.vn/km-KH/btmaan/gnnakmmaadhikaarddualpnduktmpnbaaybyriepcmsnnisidpuuksrupkaarngaarchnmaa2012-1036253.vov "HTTP/1.1 200 OK"
17:13:08 | INFO | HTTP Request: GET https://vov.vn/km-KH/btmaan/kmmvidhii-juapjaamuayquustraalii-chnaam2026-2436226.vov "HTTP/1.1 200 OK"
17:13:08 | INFO | HTTP Request: GET https://vov.vn/km-KH/vppdhmvietnnaam/kaarcrieng-boi-trlpdaurkdssnikjnnauknunglmhkertitmnnael-2245093.vov "HTTP/1.1 200 OK"
17:13:08 | INFO | HTTP Request: GET https://vov.vn/km-KH/btmaan/settthkiccvietnnaamnautaeryngmaam-byaakrnnddualpaankmnnoen-68-2435226.vov "HTTP/1.1 200 OK"
17:13:08 | INFO | HTTP Request: GET https://vov.vn/km-KH/btmaan/qiirngcaapphtoemcmraanysaardhaatu-urani-kmrit-20-1035939.vov "HTTP/1.1 200 OK"
17:13:08 | INFO | HTTP Request: GET https://vov.vn/km-KH/vppdhmvietnnaam/bibnnkertimrtksmudrvietnnaam-1143473.vov "HTTP/1.1 200 OK"
17:13:08 | INFO | HTTP Request: GET https://vov.vn/km-KH/btmaan/prdhaanrttthsbhaavietnnaam-nguyen-sinh-hung-juunbrchnaamthmiidiikrunghaannuuy-1036247.vov "HTTP/1.1 200 OK"
17:13:08 | INFO | HTTP Request: GET https://vov.vn/km-KH/btmaan/who-prkaasthaa-kaarphduhloengnaiviirus-hanta-maanhaanibhydaap-2435709.vov "HTTP/1.1 200 OK"
17:13:08 | INFO | HTTP Request: GET https://vov.vn/km-KH/btmaan/vietnnaamtriemkhluanruacjaasrectoempiijmrunykaartbhjaap-brics-jaamuaytmpnqaasiipaasiihvik-2435303.vov "HTTP/1.1 200 OK"
17:13:08 | INFO | HTTP Request: GET https://vov.vn/km-KH/btmaan/snnisidqnuvttkaarngaarchnaam2012ningkmmvidhiikaedmrngrttthpaalduudautmnnaak-kaal2011-2020-1036330.vov "HTTP/1.1 200 OK"
17:13:08 | INFO | HTTP Request: GET https://vov.vn/km-KH/btmaan/snnisidcngietrttthmntriikaarprdesqaasaanpoeknaukmbujaa-1036032.vov "HTTP/1.1 200 OK"
17:13:08 | INFO | HTTP Request: GET https://vov.vn/km-KH/vppdhmvietnnaam/bhliengkrhm-biikaarcngcaamsngrgaamrhuuttlmoodnbhaabjaati-2248188.vov "HTTP/1.1 200 OK"
17:13:08 | INFO | HTTP Request: GET https://vov.vn/km-KH/kaarrkghoenyvietnnaam/diikrunghaannuuyknungookaasrmlykkhuaploekdii-80-divaapunnyjaativietnnaam-2250185.vov "HTTP/1.1 200 OK"
17:13:08 | INFO | HTTP Request: GET https://vov.vn/km-KH/btmaan/prdhaanrttthsbhaavietnnaamjuapcrcaarjaamuaybriddhsbhaameksiiklook-jose-gonzalez-morfin-1036162.vov "HTTP/1.1 200 OK"
17:13:08 | INFO | HTTP Request: GET https://vov.vn/km-KH/btmaan/thnaaktyknaampksningrttth-qnyjoenycuulgoorbvinynyaannkkhndhlookprdhaanhuujiiminy-2436007.vov "HTTP/1.1 200 OK"
17:13:08 | INFO | HTTP Request: GET https://vov.vn/km-KH/vppdhmvietnnaam/daudssnaasaarmndiivppdhm-muong-hoa-binh-1063786.vov "HTTP/1.1 200 OK"
17:13:08 | INFO | HTTP Request: GET https://vov.vn/km-KH/kaarrkghoenyvietnnaam/phnaekdescrnndiikrungda-nangqhqaangnuuvbaannijjsnynyaarpskhluan-1062186.vov "HTTP/1.1 200 OK"
17:13:09 | INFO | HTTP Request: GET https://vov.vn/km-KH/btmaan/qiirngsnoelkkhkhnndsntibhaabpnthaemtlshrttthqaamerik-2436352.vov "HTTP/1.1 200 OK"
17:13:09 | INFO | HTTP Request: GET https://vov.vn/km-KH/btmaan/snnisiddhgnnhkmmaadhikaarmjjhym-rnnhsirsmaatubhuumivietnnaamloekdii4poeknaudiikrunghuujiiminy-1036037.vov "HTTP/1.1 200 OK"
17:13:09 | INFO | HTTP Request: GET https://vov.vn/km-KH/vppdhmvietnnaam/krumraamsgrchaiyaamnauvttsnaaytnggum-qbhirksvppdhmrprbainniirpsjnjaatikhmaer-2420001.vov "HTTP/1.1 200 OK"
17:13:09 | INFO | HTTP Request: GET https://vov.vn/km-KH/kaarrkghoenyvietnnaam/bhuumi-hrdien-hoa-tien-gooltaudescrnnshgmntdaakdaanynaubhaagkhaanglickhettngeqaan-2402819.vov "HTTP/1.1 200 OK"
17:13:09 | INFO | HTTP Request: GET https://vov.vn/km-KH/vppdhmvietnnaam/qttsnynyaannvppdhmrrpsjnjaaticaam-2234113.vov "HTTP/1.1 200 OK"
17:13:09 | INFO | HTTP Request: GET https://vov.vn/km-KH/vppdhmvietnnaam/nguyen-thi-anh-vien-taaraahaeldykrpsvietnnaam-1036336.vov "HTTP/1.1 200 OK"
17:13:09 | INFO | HTTP Request: GET https://vov.vn/km-KH/kaarrkghoenyvietnnaam/bndhnaagaar-con-dao-viircmriengqmbiichndavietnnaam-2265044.vov "HTTP/1.1 200 OK"
17:13:09 | INFO | HTTP Request: GET https://vov.vn/km-KH/kaarrkghoenyvietnnaam/kertitmnnaelphdhlekh-5d-vithii-haamlung-diikrunghaannuuy-2427914.vov "HTTP/1.1 200 OK"
17:13:09 | INFO | HTTP Request: GET https://vov.vn/km-KH/btmaan/lookkhaanglictriemriepcmphaenkaardpdlningqiirng-1035756.vov "HTTP/1.1 200 OK"
17:13:09 | INFO | HTTP Request: GET https://vov.vn/km-KH/vppdhmvietnnaam/daudhvoepunnydaantoemchnaam-1037767.vov "HTTP/1.1 200 OK"
17:13:09 | INFO | HTTP Request: GET https://vov.vn/km-KH/vppdhmvietnnaam/ruupbhaabdiikrunghaannuuyknungsmykaalrttthuptthmbhdhn-truuvpaanpngkoetloengvinytaamrya-2403486.vov "HTTP/1.1 200 OK"
17:13:09 | INFO | HTTP Request: GET https://vov.vn/km-KH/btmaan/kaartaamngbibrnn-huujiiminy-jhmoohtsrssqaatpmphut-kaarqprmqmbiiprbainniisnehaajaati-2435793.vov "HTTP/1.1 200 OK"
17:13:09 | INFO | HTTP Request: GET https://vov.vn/km-KH/btmaan/bngryngning-bngriikdmnaakdmnngbisesrvaangvietnnaam-ningguypaa-2436360.vov "HTTP/1.1 200 OK"
17:13:09 | INFO | HTTP Request: GET https://vov.vn/km-KH/vppdhmvietnnaam/rmlykloengvinynuuvprvttisaastrviirbhaabrpsprjaajaati-taamryaryanglkhoon-bii-viet-bac-mkhaannuuy-2243341.vov "HTTP/1.1 200 OK"
17:13:09 | INFO | HTTP Request: GET https://vov.vn/km-KH/kaarrkghoenyvietnnaam/saarmndiirkngdbjoengdyk-2431355.vov "HTTP/1.1 200 OK"
17:13:09 | INFO | HTTP Request: GET https://vov.vn/km-KH/vppdhmvietnnaam/staapkaarcrieng-xam-nauloelaankrung-kaarjuapjumgnaarvaangtntriiprbainnii-ningjiivbhaabsmydmnoep-2250164.vov "HTTP/1.1 200 OK"
17:13:10 | INFO | HTTP Request: GET https://vov.vn/km-KH/vppdhmvietnnaam/qbhirksningnaamrprdhvoegmnuurprjaapriy-tunghuu-ooyrsraanmaanjiivitloengviny-2400444.vov "HTTP/1.1 200 OK"
17:13:10 | INFO | HTTP Request: GET https://vov.vn/km-KH/btmaan/qbhivdddhvidyaasaastr-pccekvidyaa-nvaanuvttn-ningkaarphlaasptuurdiijiithl-2435792.vov "HTTP/1.1 200 OK"
17:13:10 | INFO | HTTP Request: GET https://vov.vn/km-KH/vppdhmvietnnaam/bidhiipunnynmprjaapriy-riiksaaybhaayrsjaatinaidyktiibhaagkhaangtpuung-2433244.vov "HTTP/1.1 200 OK"
17:13:10 | INFO | HTTP Request: GET https://vov.vn/km-KH/vppdhmvietnnaam/ruupbhaabtuaqnggyksknungsilpalkhoonpaasaak-2258696.vov "HTTP/1.1 200 OK"
17:13:10 | INFO | HTTP Request: GET https://vov.vn/km-KH/kaarrkghoenyvietnnaam/phluuvpetikbhnndthaamnglungkhaangtpuung-pmphuskaarcngcaamqmbiidiikrunghaannuuy-2396364.vov "HTTP/1.1 200 OK"
17:13:10 | INFO | HTTP Request: GET https://vov.vn/km-KH/vppdhmvietnnaam/bidhiipunny-chu-dong-tu-tien-dung-bidhiipunnysngsaar-1039402.vov "HTTP/1.1 200 OK"
17:13:10 | INFO | HTTP Request: GET https://vov.vn/km-KH/vppdhmvietnnaam/cmrieng-then-naucmboohmukhookaaspaanddualsgaaljaapetikbhnndvppdhmbibhblook-1068678.vov "HTTP/1.1 200 OK"
17:13:10 | INFO | HTTP Request: GET https://vov.vn/km-KH/vppdhmvietnnaam/bhaabcmruhnaivppdhmr-gunnsmpttiprkuatprjaengrpsvietnnaamknungsmaahrnnkmm-2256695.vov "HTTP/1.1 200 OK"
17:13:10 | INFO | HTTP Request: GET https://vov.vn/km-KH/vppdhmvietnnaam/kmmvidhiicmriengprjaapriynaumnntlvithii-puraannhoi-an-1105477.vov "HTTP/1.1 200 OK"
17:13:10 | INFO | HTTP Request: GET https://vov.vn/km-KH/btmaan/smy-prjum-loekdii-34gnnhkmmaadhikaarqntrrttthaabhipaalnaiprdesdaamngbiir-1035755.vov "HTTP/1.1 200 OK"
17:13:10 | INFO | HTTP Request: GET https://vov.vn/km-KH/kaarrkghoenyvietnnaam/phdhcmkaar-hue-1040942.vov "HTTP/1.1 200 OK"
17:13:10 | INFO | HTTP Request: GET https://vov.vn/km-KH/kaarrkghoenyvietnnaam/vinh-hy-binh-lap-khsaephluuvtboorbenydautooycmnnaapqaarmmnn-2233071.vov "HTTP/1.1 200 OK"
17:13:10 | INFO | HTTP Request: GET https://vov.vn/km-KH/vppdhmvietnnaam/ryanglkhoontntrii-kaahvenmpng-naamlkhoonvietnnaamdaukaanbibhblook-2241649.vov "HTTP/1.1 200 OK"
17:13:11 | INFO | HTTP Request: GET https://vov.vn/km-KH/btmaan/lookprdhaanrttthcin-sii-jiinbiing-2435309.vov "HTTP/1.1 200 OK"
17:13:11 | INFO | HTTP Request: GET https://vov.vn/km-KH/btmaan/qgglekhaapks-prdhaanrttthvietnnaamlook-tuu-lym-cuulruambidhiiqpqrsaadrkhuaploekdii-120-2435325.vov "HTTP/1.1 200 OK"
17:13:11 | INFO | HTTP Request: GET https://vov.vn/km-KH/btmaan/lookqgglekhaapks-prdhaanrttth-tuu-lym-2436561.vov "HTTP/1.1 200 OK"
17:13:11 | INFO | HTTP Request: GET https://vov.vn/km-KH/vppdhmvietnnaam/silpacrieng-py-boi-diikrunghuujiiminy-qnuvttnpeskkmmphsbvphsaayvppdhmr-2260384.vov "HTTP/1.1 200 OK"
17:13:11 | INFO | HTTP Request: GET https://vov.vn/km-KH/kaarrkghoenyvietnnaam/duardescrnnbhuumipuraann-phuoc-tich-1135285.vov "HTTP/1.1 200 OK"
17:13:11 | INFO | HTTP Request: GET https://vov.vn/km-KH/vppdhmvietnnaam/prjaajnbhuumi-nam-bung-nidaanryangtooyruupbhaab-1049586.vov "HTTP/1.1 200 OK"
17:13:11 | INFO | HTTP Request: GET https://vov.vn/km-KH/vppdhmvietnnaam/khettthua-thien-huethaerksaaeksaarpuraann-1062622.vov "HTTP/1.1 200 OK"
17:13:11 | INFO | HTTP Request: GET https://vov.vn/km-KH/kaarrkghoenyvietnnaam/phsaarraatrii-phu-quoc-kmbungdaakdaanycittbhnyievdescrdaamngknungningkraukhettqaanyaang-2266875.vov "HTTP/1.1 200 OK"
17:13:11 | INFO | HTTP Request: GET https://vov.vn/km-KH/vppdhmvietnnaam/bibrnnsrdrtuuvchnaam2025-diijuapjumgnaanaivppdhmrprbainnii-2262209.vov "HTTP/1.1 200 OK"
17:13:11 | INFO | HTTP Request: GET https://vov.vn/km-KH/btmaan/vediikaarsbhaadviipqaasii-paasiihviic-appf-paanpidnaudiikrungtuukyuuprdesjpun-1036223.vov "HTTP/1.1 200 OK"
17:13:11 | INFO | HTTP Request: GET https://vov.vn/km-KH/kaarrkghoenyvietnnaam/kmbaengraajjkaalstec-ho-1059833.vov "HTTP/1.1 200 OK"
17:13:11 | INFO | HTTP Request: GET https://vov.vn/km-KH/btmaan/gnnapkskaanqmnnaacnaimhaasnnipaatjnjaatiqaahvrikrpiepcmbidhiikhuap-qaanussaavrryrloekdii-100-1035844.vov "HTTP/1.1 200 OK"
17:13:11 | INFO | HTTP Request: GET https://vov.vn/km-KH/btmaan/vietnnaamjaashprdhaannaikiccsndnaaqaasaan-nuuvaelselngloekdii-33-2435307.vov "HTTP/1.1 200 OK"
17:13:11 | INFO | HTTP Request: GET https://vov.vn/km-KH/btmaan/snnisiddhkmmaabhipaalduudaamngprdesqmbiikaarngaarksaangpks-chnaam-2012-1036104.vov "HTTP/1.1 200 OK"
17:13:11 | INFO | Parsed 232 km articles
17:13:31 | INFO | HTTP Request: GET https://vov.vn/du-lich/?page=3 "HTTP/1.1 200 OK"
17:13:31 | WARNING | Retrying https://vov.vn/xa-hoi/?page=2 after attempt 1 ()
17:13:31 | INFO | HTTP Request: GET https://vov.vn/van-hoa/?page=2 "HTTP/1.1 200 OK"
17:13:34 | INFO | HTTP Request: GET https://vov.vn/xa-hoi/?page=2 "HTTP/1.1 200 OK"
17:13:49 | INFO | HTTP Request: GET https://vov.vn/xa-hoi/?page=3 "HTTP/1.1 200 OK"
17:13:49 | INFO | HTTP Request: GET https://vov.vn/van-hoa/?page=3 "HTTP/1.1 200 OK"
17:13:49 | INFO | Discovered 360 candidate vi articles
17:13:49 | INFO | HTTP Request: GET https://vov.vn/du-lich/check-in/du-lich-vinh-long-nhung-lang-que-yen-binh-tro-thanh-diem-den-doc-dao-post1291903.vov "HTTP/1.1 200 OK"
17:13:50 | INFO | HTTP Request: GET https://vov.vn/du-lich/ninh-binh-don-gan-28-trieu-luot-du-khach-thu-hon-4200-ty-dong-post1288768.vov "HTTP/1.1 200 OK"
17:13:52 | INFO | HTTP Request: GET https://vov.vn/van-hoa/le-hoi-viet-nam-tai-yoyogi-2026-diem-hen-van-hoa-duoc-mong-cho-tai-tokyo-post1291121.vov "HTTP/1.1 200 OK"
17:13:52 | INFO | HTTP Request: GET https://vov.vn/van-hoa/chang-can-binh-yen-man-tro-lai-nhe-nhang-nhung-nhieu-cam-xuc-cua-ha-an-huy-post1292004.vov "HTTP/1.1 200 OK"
17:13:52 | INFO | HTTP Request: GET https://vov.vn/van-hoa/san-khau-dien-anh/nam-chinh-thoi-xa-vang-bo-man-anh-di-hoc-dong-y-song-kin-tieng-chua-benh-post1292500.vov "HTTP/1.1 200 OK"
17:13:52 | INFO | HTTP Request: GET https://vov.vn/xa-hoi/vu-nui-da-bat-ngo-sat-lo-da-tim-thay-thi-the-hai-nguoi-dan-ong-bi-vui-lap-post1293722.vov "HTTP/1.1 200 OK"
17:13:53 | INFO | HTTP Request: GET https://vov.vn/xa-hoi/du-khach-tu-vong-khi-tam-bien-o-phu-quoc-post1293813.vov "HTTP/1.1 200 OK"
17:13:54 | INFO | HTTP Request: GET https://vov.vn/du-lich/hai-ngay-dau-nghi-le-khanh-hoa-don-luong-lon-du-khach-post1288422.vov "HTTP/1.1 200 OK"
17:13:54 | INFO | HTTP Request: GET https://vov.vn/du-lich/du-lich-dien-bien-but-pha-tu-van-hoa-ban-dia-post1286307.vov "HTTP/1.1 200 OK"
17:13:54 | INFO | HTTP Request: GET https://vov.vn/xa-hoi/bo-truong-tran-hong-minh-phai-to-chuc-lai-he-thong-van-tai-quoc-gia-post1293853.vov "HTTP/1.1 200 OK"
17:13:54 | INFO | HTTP Request: GET https://vov.vn/van-hoa/vi-sao-cannes-luon-khac-biet-voi-oscar-venice-hay-toronto-post1291483.vov "HTTP/1.1 200 OK"
17:13:55 | INFO | HTTP Request: GET https://vov.vn/van-hoa/cap-thiet-bao-ton-phat-huy-di-tich-phat-vien-dong-duong-post1292221.vov "HTTP/1.1 200 OK"
17:13:55 | INFO | HTTP Request: GET https://vov.vn/du-lich/yeu-to-nao-thuc-day-tang-truong-khach-quoc-te-den-viet-nam-post1290251.vov "HTTP/1.1 200 OK"
17:13:55 | INFO | HTTP Request: GET https://vov.vn/du-lich/hon-70-tau-du-lich-trinh-dien-song-hoi-anh-sang-tren-vinh-ha-long-post1288072.vov "HTTP/1.1 200 OK"
17:13:55 | INFO | HTTP Request: GET https://vov.vn/xa-hoi/phat-hien-vuon-tra-tram-tuoi-tren-nui-hon-chao-dak-lak-post1293708.vov "HTTP/1.1 200 OK"
17:13:55 | INFO | HTTP Request: GET https://vov.vn/xa-hoi/tphcm-phat-dong-tet-trong-cay-huong-toi-do-thi-xanh-ben-vung-post1293251.vov "HTTP/1.1 200 OK"
17:13:55 | INFO | HTTP Request: GET https://vov.vn/du-lich/xa-phuong-dac-khu-o-quang-ninh-khoe-ban-sac-bang-xe-mo-hinh-carnaval-post1287726.vov "HTTP/1.1 200 OK"
17:13:56 | INFO | HTTP Request: GET https://vov.vn/xa-hoi/ca-chet-hang-loat-o-nghe-an-ket-qua-mau-nuoc-deu-nam-trong-gioi-han-cho-phep-post1293364.vov "HTTP/1.1 200 OK"
17:13:56 | INFO | HTTP Request: GET https://vov.vn/van-hoa/khi-vi-pham-ban-quyen-khong-con-chi-la-chuyen-dan-su-post1293083.vov "HTTP/1.1 200 OK"
17:13:56 | WARNING | Skipped article with incomplete content: https://vov.vn/van-hoa/khi-vi-pham-ban-quyen-khong-con-chi-la-chuyen-dan-su-post1293083.vov
17:13:56 | INFO | HTTP Request: GET https://vov.vn/xa-hoi/khan-truong-xu-ly-cac-diem-ngap-ung-sat-lo-do-mua-lon-tai-quang-ninh-post1293194.vov "HTTP/1.1 200 OK"
17:13:56 | INFO | HTTP Request: GET https://vov.vn/du-lich/hai-tau-bien-quoc-te-dua-hon-2000-du-khach-den-khanh-hoa-post1287691.vov "HTTP/1.1 200 OK"
17:13:57 | INFO | HTTP Request: GET https://vov.vn/xa-hoi/mua-lon-gay-ngap-lut-nghiem-trong-o-vung-cao-bac-ninh-nhieu-thon-ban-bi-co-lap-post1293706.vov "HTTP/1.1 200 OK"
17:13:57 | INFO | HTTP Request: GET https://vov.vn/du-lich/du-lich-han-quoc-2026-vi-sao-hang-nghin-nguoi-se-den-busan-vao-thang-6-post1293174.vov "HTTP/1.1 200 OK"
17:13:57 | INFO | HTTP Request: GET https://vov.vn/du-lich/bao-ton-ran-san-ho-gan-voi-du-lich-cong-dong-tai-hon-yen-phu-yen-cu-post1291088.vov "HTTP/1.1 200 OK"
17:13:57 | INFO | HTTP Request: GET https://vov.vn/du-lich/gan-900-khach-mice-quoc-te-dau-tien-den-tphcm-theo-uu-dai-moi-post1289474.vov "HTTP/1.1 200 OK"
17:13:57 | INFO | HTTP Request: GET https://vov.vn/du-lich/san-tour/du-lich-trai-nghiem-ha-noi-tren-cac-phuong-tien-xua-cu-post1289429.vov "HTTP/1.1 200 OK"
17:13:57 | INFO | HTTP Request: GET https://vov.vn/du-lich/son-la-don-hon-312000-luot-du-khach-trong-dip-nghi-le-post1288863.vov "HTTP/1.1 200 OK"
17:13:58 | INFO | HTTP Request: GET https://vov.vn/du-lich/quang-ninh-tang-suc-hut-doi-voi-du-khach-nga-post1292670.vov "HTTP/1.1 200 OK"
17:13:58 | INFO | HTTP Request: GET https://vov.vn/du-lich/nhieu-hang-hang-khong-se-cho-phep-goi-thoai-va-video-call-tren-may-bay-post1290756.vov "HTTP/1.1 200 OK"
17:13:59 | INFO | HTTP Request: GET https://vov.vn/du-lich/khanh-hoa-thu-hon-2600-ty-dong-tu-du-lich-dip-le-304-15-post1288843.vov "HTTP/1.1 200 OK"
17:13:59 | INFO | HTTP Request: GET https://vov.vn/van-hoa/am-nhac-cong-dong-khi-nghe-thuat-tro-thanh-mot-phan-doi-song-thu-do-post1290706.vov "HTTP/1.1 200 OK"
17:13:59 | INFO | HTTP Request: GET https://vov.vn/xa-hoi/hon-43500-thi-sinh-da-nang-chuan-bi-buoc-vao-ky-thi-lop-10-post1293208.vov "HTTP/1.1 200 OK"
17:13:59 | INFO | HTTP Request: GET https://vov.vn/van-hoa/san-khau-dien-anh/dai-tiec-trang-mau-8-phim-miu-le-dong-vai-chinh-co-nguy-co-lo-von-post1290954.vov "HTTP/1.1 200 OK"
17:14:00 | INFO | HTTP Request: GET https://vov.vn/xa-hoi/pgsts-bui-hoai-son-dai-hoc-phai-tro-thanh-mot-phan-cua-nang-luc-quoc-gia-post1293089.vov "HTTP/1.1 200 OK"
17:14:00 | INFO | HTTP Request: GET https://vov.vn/van-hoa/chua-to-phuc-nghiem-noi-khoi-nguon-dao-phap-gan-2000-nam-truoc-post1291248.vov "HTTP/1.1 200 OK"
17:14:00 | INFO | HTTP Request: GET https://vov.vn/van-hoa/pho-giam-doc-nha-hat-mua-roi-viet-nam-qua-doi-tai-co-quan-o-tuoi-48-post1290873.vov "HTTP/1.1 200 OK"
17:14:00 | WARNING | Skipped article with incomplete content: https://vov.vn/van-hoa/chua-to-phuc-nghiem-noi-khoi-nguon-dao-phap-gan-2000-nam-truoc-post1291248.vov
17:14:00 | INFO | HTTP Request: GET https://vov.vn/du-lich/an-tuong-ngay-hoi-tai-vuon-quoc-gia-u-minh-ha-tinh-ca-mau-post1290591.vov "HTTP/1.1 200 OK"
17:14:01 | INFO | HTTP Request: GET https://vov.vn/xa-hoi/xuat-hien-7-o-dich-benh-dai-tren-dan-cho-o-dong-thap-post1293790.vov "HTTP/1.1 200 OK"
17:14:03 | INFO | HTTP Request: GET https://vov.vn/xa-hoi/du-kien-mo-rong-khoi-luong-kien-thuc-van-hoa-pho-thong-trong-dao-tao-nghe-dac-thu-post1293269.vov "HTTP/1.1 200 OK"
17:14:04 | INFO | HTTP Request: GET https://vov.vn/xa-hoi/nam-sinh-lop-8-tu-tu-nghi-do-bao-luc-hoc-duong-van-trong-tinh-trang-nguy-kich-post1293646.vov "HTTP/1.1 200 OK"
17:14:04 | INFO | HTTP Request: GET https://vov.vn/xa-hoi/ts-hoang-ngoc-vinh-khong-the-de-mot-ky-thi-quyet-dinh-tuong-lai-cua-tre-post1293166.vov "HTTP/1.1 200 OK"
17:14:04 | INFO | HTTP Request: GET https://vov.vn/van-hoa/man-nhay-sap-1000-doi-gay-choang-ngop-o-dem-khai-mac-du-lich-thai-nguyen-post1292300.vov "HTTP/1.1 200 OK"
17:14:04 | INFO | HTTP Request: GET https://vov.vn/van-hoa/truyen-ke-chiec-long-en-ky-dieu-post1292590.vov "HTTP/1.1 200 OK"
17:14:04 | WARNING | Skipped article with incomplete content: https://vov.vn/van-hoa/truyen-ke-chiec-long-en-ky-dieu-post1292590.vov
17:14:05 | INFO | HTTP Request: GET https://vov.vn/du-lich/pho-dem-o-hue-noi-soi-dong-noi-tram-lang-post1288829.vov "HTTP/1.1 200 OK"
17:14:05 | INFO | HTTP Request: GET https://vov.vn/xa-hoi/se-xu-ly-nghiem-nguoi-phu-nu-chui-boi-hanh-hung-tai-xe-o-to-sau-va-cham-post1293119.vov "HTTP/1.1 200 OK"
17:14:06 | INFO | HTTP Request: GET https://vov.vn/van-hoa/san-khau-dien-anh/loi-hua-dau-tien-tap-10-hai-dang-muon-tiep-tuc-tai-tro-cho-vi-minh-post1292016.vov "HTTP/1.1 200 OK"
17:14:06 | INFO | HTTP Request: GET https://vov.vn/du-lich/du-lich-dien-bien-don-hon-75000-luot-khach-dip-nghi-le-304-15-post1288825.vov "HTTP/1.1 200 OK"
17:14:08 | INFO | HTTP Request: GET https://vov.vn/xa-hoi/sat-lo-deo-gia-bac-lam-dong-giao-thong-quoc-lo-28-chia-cat-tam-thoi-post1293163.vov "HTTP/1.1 200 OK"
17:14:08 | INFO | HTTP Request: GET https://vov.vn/xa-hoi/be-giang-lop-cao-cap-ly-luan-chinh-tri-danh-cho-can-bo-tinh-champasak-lao-post1293281.vov "HTTP/1.1 200 OK"
17:14:08 | INFO | HTTP Request: GET https://vov.vn/xa-hoi/bo-doi-bien-phong-quang-ninh-kip-thoi-cuu-ho-8-ngu-dan-gap-nan-tren-bien-post1293753.vov "HTTP/1.1 200 OK"
17:14:09 | INFO | HTTP Request: GET https://vov.vn/xa-hoi/lao-cai-tuyen-duong-gan-270-hoc-sinh-co-thanh-tich-xuat-sac-nam-hoc-2025-2026-post1293669.vov "HTTP/1.1 200 OK"
17:14:09 | INFO | HTTP Request: GET https://vov.vn/du-lich/khach-quoc-te-den-thai-lan-sut-giam-do-bat-on-hang-khong-post1289413.vov "HTTP/1.1 200 OK"
17:14:10 | INFO | HTTP Request: GET https://vov.vn/du-lich/du-lich-ha-noi-soi-dong-dip-nghi-le-304-15-post1288836.vov "HTTP/1.1 200 OK"
17:14:11 | INFO | HTTP Request: GET https://vov.vn/xa-hoi/ha-noi-de-xuat-nang-muc-xu-phat-do-rac-sai-quy-dinh-len-toi-30-trieu-dong-post1293759.vov "HTTP/1.1 200 OK"
17:14:11 | INFO | HTTP Request: GET https://vov.vn/xa-hoi/thu-hoi-tieu-huy-tren-toan-quoc-lo-sua-rua-mat-tra-xanh-post1293471.vov "HTTP/1.1 200 OK"
17:14:11 | INFO | HTTP Request: GET https://vov.vn/van-hoa/truyen-ke-chi-ga-mai-va-anh-ca-sau-post1291366.vov "HTTP/1.1 200 OK"
17:14:11 | INFO | HTTP Request: GET https://vov.vn/xa-hoi/cuu-chien-binh-30-nam-dung-khu-tuong-niem-bac-ho-o-nam-nha-trang-post1293206.vov "HTTP/1.1 200 OK"
17:14:11 | INFO | HTTP Request: GET https://vov.vn/van-hoa/lam-chu-ai-bien-ai-thanh-tro-thu-thay-vi-noi-lo-cong-nghe-post1291594.vov "HTTP/1.1 200 OK"
17:14:11 | WARNING | Skipped article with incomplete content: https://vov.vn/van-hoa/truyen-ke-chi-ga-mai-va-anh-ca-sau-post1291366.vov
17:14:12 | INFO | HTTP Request: GET https://vov.vn/xa-hoi/du-bao-thoi-tiet/canh-bao-mua-dong-kem-loc-set-mua-da-o-noi-thanh-ha-noi-post1293337.vov "HTTP/1.1 200 OK"
17:14:12 | INFO | HTTP Request: GET https://vov.vn/du-lich/du-lich-can-tho-he-2026-bung-no-cac-hoat-dong-trai-nghiem-post1291151.vov "HTTP/1.1 200 OK"
17:14:12 | INFO | HTTP Request: GET https://vov.vn/van-hoa/san-khau-dien-anh/buoc-chan-vao-doi-khep-lai-cai-ket-de-lai-nhieu-tranh-luan-post1291680.vov "HTTP/1.1 200 OK"
17:14:12 | INFO | HTTP Request: GET https://vov.vn/du-lich/hang-van-du-khach-do-ve-bien-thinh-long-ninh-binh-ngay-khai-mac-post1287737.vov "HTTP/1.1 200 OK"
17:14:13 | INFO | HTTP Request: GET https://vov.vn/van-hoa/truyen-ke-dan-gian-cho-an-mam-da-post1292588.vov "HTTP/1.1 200 OK"
17:14:13 | WARNING | Skipped article with incomplete content: https://vov.vn/van-hoa/truyen-ke-dan-gian-cho-an-mam-da-post1292588.vov
17:14:13 | INFO | HTTP Request: GET https://vov.vn/xa-hoi/tin-24h/ca-mau-khong-lo-la-trong-cong-tac-phong-chay-chua-chay-rung-post1293448.vov "HTTP/1.1 200 OK"
17:14:13 | INFO | HTTP Request: GET https://vov.vn/xa-hoi/phat-hien-them-loai-ga-rung-quy-hiem-tai-vuon-quoc-gia-chu-mom-ray-quang-ngai-post1293407.vov "HTTP/1.1 200 OK"
17:14:13 | INFO | HTTP Request: GET https://vov.vn/xa-hoi/xe-may-va-cham-voi-o-to-tren-duong-nguyen-xien-khien-1-nguoi-tu-vong-giua-troi-mua-post1293387.vov "HTTP/1.1 200 OK"
17:14:14 | INFO | HTTP Request: GET https://vov.vn/van-hoa/trien-lam-ve-quoc-tu-giam-va-danh-nhan-than-nhan-trung-tai-bac-ninh-post1292792.vov "HTTP/1.1 200 OK"
17:14:14 | INFO | HTTP Request: GET https://vov.vn/van-hoa/trien-lam-vu-tru-con-nguoi-tri-thong-minh-tai-bao-tang-da-nang-post1292896.vov "HTTP/1.1 200 OK"
17:14:14 | INFO | HTTP Request: GET https://vov.vn/van-hoa/xu-huong-nguoi-tre-dam-me-check-in-tai-cac-di-san-van-hoa-lich-su-post1291856.vov "HTTP/1.1 200 OK"
17:14:14 | INFO | HTTP Request: GET https://vov.vn/du-lich/ho-toong-dam-mo-loi-nghi-duong-sinh-thai-gia-tang-chieu-sau-du-lich-mang-den-post1288537.vov "HTTP/1.1 200 OK"
17:14:14 | INFO | HTTP Request: GET https://vov.vn/van-hoa/xuc-dong-chuong-trinh-nghe-thuat-ky-niem-ngay-sinh-bac-ho-tai-cao-bang-post1292975.vov "HTTP/1.1 200 OK"
17:14:14 | INFO | HTTP Request: GET https://vov.vn/van-hoa/can-canh-thay-then-gieo-que-lam-le-cau-an-giai-han-cua-nguoi-tay-o-thai-nguyen-post1292573.vov "HTTP/1.1 200 OK"
17:14:15 | INFO | HTTP Request: GET https://vov.vn/van-hoa/oc-muon-hon-tieu-vy-tui-than-khi-bi-nhan-xet-bieu-cam-cung-do-binh-hoa-di-dong-post1292325.vov "HTTP/1.1 200 OK"
17:14:15 | INFO | HTTP Request: GET https://vov.vn/xa-hoi/hai-ngu-dan-tu-vong-khi-khai-thac-hai-san-tren-bien-o-quang-ninh-post1293846.vov "HTTP/1.1 200 OK"
17:14:15 | INFO | HTTP Request: GET https://vov.vn/xa-hoi/ha-noi-de-xuat-tang-phat-200-voi-nhieu-loi-vi-pham-quy-dinh-giao-thong-post1293793.vov "HTTP/1.1 200 OK"
17:14:15 | INFO | HTTP Request: GET https://vov.vn/du-lich/du-lich-bung-no-voi-12-trieu-luot-khach-trong-ky-nghi-kep-gio-to-va-304-post1288773.vov "HTTP/1.1 200 OK"
17:14:16 | INFO | HTTP Request: GET https://vov.vn/du-lich/san-tour/singapore-diem-den-ly-tuong-cho-cac-ky-nghi-ngan-ngay-post1288031.vov "HTTP/1.1 200 OK"
17:14:17 | INFO | HTTP Request: GET https://vov.vn/du-lich/du-khach-trung-quoc-do-xo-den-trung-a-luu-luong-hang-khong-tang-vot-post1287289.vov "HTTP/1.1 200 OK"
17:14:17 | INFO | HTTP Request: GET https://vov.vn/xa-hoi/thay-giao-dau-xot-ke-lai-vu-5-hoc-sinh-tu-vong-do-duoi-nuoc-o-phu-tho-post1293175.vov "HTTP/1.1 200 OK"
17:14:17 | INFO | HTTP Request: GET https://vov.vn/xa-hoi/thanh-hoa-chuyen-giao-hon-300-tai-san-cong-cho-cap-xa-quan-ly-xu-ly-post1293252.vov "HTTP/1.1 200 OK"
17:14:18 | INFO | HTTP Request: GET https://vov.vn/xa-hoi/nut-la-thanh-nguyen-chi-thanh-giam-un-tac-gio-cao-diem-sau-ngay-dau-phan-luong-post1293286.vov "HTTP/1.1 200 OK"
17:14:18 | INFO | HTTP Request: GET https://vov.vn/du-lich/gia-lai-nang-cao-tinh-an-toan-chuyen-nghiep-trong-mua-du-lich-bien-post1287935.vov "HTTP/1.1 200 OK"
17:14:19 | INFO | HTTP Request: GET https://vov.vn/van-hoa/dao-dien-chua-te-nhung-chiec-nhan-duoc-vinh-danh-tai-lien-hoan-phim-cannes-post1291297.vov "HTTP/1.1 200 OK"
17:14:19 | INFO | HTTP Request: GET https://vov.vn/van-hoa/san-khau-xiec-gia-dinh-khi-anh-den-san-khau-xiec-hoi-sinh-ky-uc-thanh-pho-post1291793.vov "HTTP/1.1 200 OK"
17:14:19 | INFO | HTTP Request: GET https://vov.vn/du-lich/du-khach-quoc-te-an-tuong-voi-su-phat-trien-cua-tphcm-post1288130.vov "HTTP/1.1 200 OK"
17:14:20 | INFO | HTTP Request: GET https://vov.vn/du-lich/hanh-trinh-cham-vao-di-san-tu-huyen-thoai-ho-nui-coc-den-ky-quan-ho-ba-be-post1290671.vov "HTTP/1.1 200 OK"
17:14:20 | WARNING | Skipped article with incomplete content: https://vov.vn/du-lich/hanh-trinh-cham-vao-di-san-tu-huyen-thoai-ho-nui-coc-den-ky-quan-ho-ba-be-post1290671.vov
17:14:21 | INFO | HTTP Request: GET https://vov.vn/van-hoa/nguoc-duong-nguoc-nang-tap-29-ba-dien-dua-ra-thong-diep-chot-voi-ong-phuc-post1291994.vov "HTTP/1.1 200 OK"
17:14:21 | INFO | HTTP Request: GET https://vov.vn/van-hoa/top-4-phim-mua-he-chieu-rap-thang-6-sieu-hot-cho-khoi-nghi-he-va-gia-dinh-post1293473.vov "HTTP/1.1 200 OK"
17:14:21 | INFO | HTTP Request: GET https://vov.vn/du-lich/tu-van/vi-sao-duong-dong-xung-dang-la-lua-chon-khi-ban-di-du-lich-phu-quoc-post1292023.vov "HTTP/1.1 200 OK"
17:14:22 | INFO | HTTP Request: GET https://vov.vn/xa-hoi/de-xuat-xay-dung-cao-toc-4-lan-xe-noi-phu-tho-voi-thu-do-ha-noi-post1293723.vov "HTTP/1.1 200 OK"
17:14:23 | INFO | HTTP Request: GET https://vov.vn/xa-hoi/vinh-long-phat-dong-tet-trong-cay-doi-doi-nho-on-bac-ho-post1293138.vov "HTTP/1.1 200 OK"
17:14:23 | INFO | HTTP Request: GET https://vov.vn/van-hoa/an-tuong-dem-nghe-thuat-di-san-ngan-vang-giua-dai-ngan-ba-be-post1292499.vov "HTTP/1.1 200 OK"
17:14:23 | INFO | HTTP Request: GET https://vov.vn/du-lich/quang-ninh-don-hon-13-trieu-luot-khach-trong-2-dot-nghi-le-post1288709.vov "HTTP/1.1 200 OK"
17:14:23 | INFO | HTTP Request: GET https://vov.vn/du-lich/dien-bien-dong-tho-du-an-cap-treo-du-lich-hon-2000-ty-dong-post1290649.vov "HTTP/1.1 200 OK"
17:14:24 | INFO | HTTP Request: GET https://vov.vn/van-hoa/lhp-cannes-man-tai-sinh-phim-den-trang-va-doi-dau-kich-tinh-trong-fatherland-post1292139.vov "HTTP/1.1 200 OK"
17:14:24 | INFO | HTTP Request: GET https://vov.vn/xa-hoi/d-free-book-gieo-su-tu-te-den-cong-dong-post1293845.vov "HTTP/1.1 200 OK"
17:14:24 | INFO | HTTP Request: GET https://vov.vn/du-lich/ninh-binh-khai-mac-mua-du-lich-bien-2026-non-thieng-bien-rong-don-song-vuon-xa-post1287733.vov "HTTP/1.1 200 OK"
17:14:24 | INFO | HTTP Request: GET https://vov.vn/du-lich/du-lich-he-2026-ly-son-mang-den-la-diem-den-moi-noi-thu-hut-du-khach-viet-post1293085.vov "HTTP/1.1 200 OK"
17:14:25 | INFO | HTTP Request: GET https://vov.vn/van-hoa/yeu-nu-thich-hang-hieu-hai-phan-phim-phan-chieu-hai-the-he-khan-gia-post1291130.vov "HTTP/1.1 200 OK"
17:14:26 | INFO | HTTP Request: GET https://vov.vn/van-hoa/dak-lak-lan-toa-van-hoa-doc-tu-sach-viet-ve-chu-tich-ho-chi-minh-post1292586.vov "HTTP/1.1 200 OK"
17:14:27 | INFO | HTTP Request: GET https://vov.vn/du-lich/lam-dong-dat-doanh-thu-1420-ty-dong-dip-nghi-le-post1288721.vov "HTTP/1.1 200 OK"
17:14:27 | INFO | HTTP Request: GET https://vov.vn/xa-hoi/quang-tri-don-nhan-28-hai-cot-liet-si-quan-tinh-nguyen-hy-sinh-tai-lao-post1293633.vov "HTTP/1.1 200 OK"
17:14:27 | INFO | HTTP Request: GET https://vov.vn/xa-hoi/khi-nao-mien-bac-het-mua-troi-nang-nong-tro-lai-post1293486.vov "HTTP/1.1 200 OK"
17:14:28 | INFO | HTTP Request: GET https://vov.vn/van-hoa/truyen-co-tich-chang-tho-san-halibu-post1291373.vov "HTTP/1.1 200 OK"
17:14:28 | WARNING | Skipped article with incomplete content: https://vov.vn/van-hoa/truyen-co-tich-chang-tho-san-halibu-post1291373.vov
17:14:29 | INFO | HTTP Request: GET https://vov.vn/du-lich/hon-183000-luot-nguoi-chen-chan-tam-bien-bai-sau-vung-tau-post1288396.vov "HTTP/1.1 200 OK"
17:14:29 | INFO | HTTP Request: GET https://vov.vn/du-lich/hue-dau-tu-80-ty-dong-cho-du-an-chieu-sang-kinh-thanh-ve-dem-post1288400.vov "HTTP/1.1 200 OK"
17:14:29 | INFO | HTTP Request: GET https://vov.vn/van-hoa/ho-so-54kg-va-hanh-trinh-dua-yen-tu-vinh-nghiem-con-son-kiep-bac-ra-the-gioi-post1292359.vov "HTTP/1.1 200 OK"
17:14:30 | INFO | HTTP Request: GET https://vov.vn/du-lich/khach-quoc-te-den-viet-nam-tang-manh-dau-la-chia-khoa-giu-chan-du-khach-post1290404.vov "HTTP/1.1 200 OK"
17:14:31 | INFO | HTTP Request: GET https://vov.vn/xa-hoi/hien-truong-vu-sat-lo-mo-da-tai-thanh-hoa-khien-3-nguoi-tu-vong-post1293732.vov "HTTP/1.1 200 OK"
17:14:31 | INFO | HTTP Request: GET https://vov.vn/xa-hoi/nhung-giai-phap-dot-pha-ha-noi-de-ra-trong-quy-hoach-thu-do-tam-nhin-100-nam-post1293433.vov "HTTP/1.1 200 OK"
17:14:31 | INFO | HTTP Request: GET https://vov.vn/du-lich/gia-lai-don-tren-625000-luot-khach-trong-dip-le-304-va-15-post1288760.vov "HTTP/1.1 200 OK"
17:14:33 | INFO | HTTP Request: GET https://vov.vn/du-lich/can-canh-dan-chim-hoang-da-giua-sac-tim-bang-lang-va-ruc-do-hoa-phuong-ho-guom-post1291698.vov "HTTP/1.1 200 OK"
17:14:33 | INFO | HTTP Request: GET https://vov.vn/xa-hoi/chay-lon-thieu-rui-cua-hang-tap-hoa-trong-dem-post1293799.vov "HTTP/1.1 200 OK"
17:14:33 | INFO | HTTP Request: GET https://vov.vn/xa-hoi/bac-bo-nam-bo-mua-lon-cuc-bo-nguy-co-loc-set-va-ngap-ung-post1293695.vov "HTTP/1.1 200 OK"
17:14:34 | INFO | HTTP Request: GET https://vov.vn/van-hoa/sach-moi-lich-su-nuoc-ta-voi-208-cau-tho-luc-bat-gian-di-cua-bac-ho-post1293000.vov "HTTP/1.1 200 OK"
17:14:34 | INFO | HTTP Request: GET https://vov.vn/du-lich/hue-van-hanh-thi-diem-tour-thuyen-dien-xanh-tren-3-dong-song-post1288893.vov "HTTP/1.1 200 OK"
17:14:34 | INFO | HTTP Request: GET https://vov.vn/van-hoa/di-hoi-kieng-gio-thi-xao-pho-theu-ao-nguoi-dao-post1293545.vov "HTTP/1.1 200 OK"
17:14:34 | INFO | HTTP Request: GET https://vov.vn/xa-hoi/phu-tho-xac-minh-vu-nu-sinh-lop-10-bi-danh-hoi-dong-trong-nha-ve-sinh-truong-post1293602.vov "HTTP/1.1 200 OK"
17:14:35 | INFO | HTTP Request: GET https://vov.vn/xa-hoi/nhieu-tuyen-duong-tai-ca-mau-ngap-sau-do-anh-huong-mua-lon-keo-dai-post1293857.vov "HTTP/1.1 200 OK"
17:14:35 | INFO | HTTP Request: GET https://vov.vn/van-hoa/nghe-thuat-dan-gian-hoi-tu-trong-chuong-trinh-muon-trieu-trai-tim-nho-bac-post1292381.vov "HTTP/1.1 200 OK"
17:14:35 | INFO | HTTP Request: GET https://vov.vn/van-hoa/vi-sao-phim-k-zombie-colony-khien-khan-gia-quoc-te-phat-cuong-post1292758.vov "HTTP/1.1 200 OK"
17:14:35 | INFO | HTTP Request: GET https://vov.vn/xa-hoi/quang-ninh-ho-tro-nguoi-dan-giai-cuu-hang-tan-ca-tam-thiet-hai-do-mua-lu-post1293289.vov "HTTP/1.1 200 OK"
17:14:35 | INFO | HTTP Request: GET https://vov.vn/van-hoa/san-khau-dien-anh/duoi-o-cua-sang-den-tap-1-chong-dieu-ghen-khi-vo-qua-than-thiet-voi-anh-hang-xom-post1292708.vov "HTTP/1.1 200 OK"
17:14:35 | INFO | HTTP Request: GET https://vov.vn/xa-hoi/sap-mo-da-o-thanh-hoa-1-nguoi-tu-vong-2-nguoi-bi-vui-lap-post1293676.vov "HTTP/1.1 200 OK"
17:14:36 | INFO | HTTP Request: GET https://vov.vn/xa-hoi/bo-nhiem-pgsts-bui-duc-tho-giu-chuc-giam-doc-dai-hoc-kinh-te-quoc-dan-post1293098.vov "HTTP/1.1 200 OK"
17:14:36 | INFO | HTTP Request: GET https://vov.vn/du-lich/tphcm-don-gan-17-trieu-luot-khach-dip-le-gio-to-va-304-15-post1288740.vov "HTTP/1.1 200 OK"
17:14:36 | INFO | HTTP Request: GET https://vov.vn/du-lich/du-lich-ninh-binh-don-doan-lu-hanh-australia-khao-sat-diem-den-mo-rong-thi-truong-post1291683.vov "HTTP/1.1 200 OK"
17:14:36 | INFO | HTTP Request: GET https://vov.vn/du-lich/nguoi-dan-do-ve-cong-vien-cam-trai-giua-long-thanh-pho-post1288529.vov "HTTP/1.1 200 OK"
17:14:37 | INFO | HTTP Request: GET https://vov.vn/van-hoa/sac-xam-khi-di-san-dan-gian-hoa-nhip-cung-thoi-trang-va-hoi-tho-gen-z-post1292787.vov "HTTP/1.1 200 OK"
17:14:37 | INFO | HTTP Request: GET https://vov.vn/du-lich/mua-du-lich-thai-nguyen-2026-ban-giao-huong-ho-tren-nui-tra-trong-may-post1292308.vov "HTTP/1.1 200 OK"
17:14:38 | INFO | HTTP Request: GET https://vov.vn/xa-hoi/3-tau-ca-bi-chay-trong-dem-khi-dang-neo-dau-sua-chua-post1293067.vov "HTTP/1.1 200 OK"
17:14:38 | INFO | HTTP Request: GET https://vov.vn/du-lich/le-hoi-phao-hoa-quoc-te-da-nang-2026-lot-top-9-le-hoi-dang-di-nhat-hanh-tinh-post1287679.vov "HTTP/1.1 200 OK"
17:14:39 | INFO | HTTP Request: GET https://vov.vn/van-hoa/di-san-hue-tro-thanh-dong-luc-phat-trien-post1291167.vov "HTTP/1.1 200 OK"
17:14:39 | INFO | HTTP Request: GET https://vov.vn/van-hoa/khanh-thanh-cong-trinh-thac-9-tang-tai-que-huong-bac-ho-post1292946.vov "HTTP/1.1 200 OK"
17:14:39 | INFO | HTTP Request: GET https://vov.vn/van-hoa/san-khau-dien-anh/harry-potter-ban-moi-cung-loat-bom-tan-hollywood-dong-loat-ra-mat-nam-2026-post1291155.vov "HTTP/1.1 200 OK"
17:14:39 | INFO | HTTP Request: GET https://vov.vn/xa-hoi/cong-an-khang-dinh-da-lap-ho-so-va-se-xu-ly-nguoi-phu-nu-danh-chui-nam-tai-xe-post1293403.vov "HTTP/1.1 200 OK"
17:14:39 | INFO | HTTP Request: GET https://vov.vn/xa-hoi/ha-noi-de-xuat-den-bu-gap-15-lan-khi-thu-hoi-dat-thuc-hien-cac-du-an-tren-dia-ban-post1293557.vov "HTTP/1.1 200 OK"
17:14:39 | INFO | HTTP Request: GET https://vov.vn/van-hoa/vu-dieu-da-sac-mau-tren-song-huong-trong-tuan-le-am-nhac-quoc-te-hue-2026-post1293548.vov "HTTP/1.1 200 OK"
17:14:41 | INFO | HTTP Request: GET https://vov.vn/xa-hoi/du-an-truc-dai-lo-canh-quan-song-hong-du-kien-bo-tri-khoang-85000-can-ho-lo-dat-tai-dinh-cu-post1293027.vov "HTTP/1.1 200 OK"
17:14:42 | INFO | HTTP Request: GET https://vov.vn/xa-hoi/12-cuoc-doi-duoc-hoi-sinh-tu-2-nguoi-hien-tang-chet-nao-post1293308.vov "HTTP/1.1 200 OK"
17:14:42 | INFO | HTTP Request: GET https://vov.vn/van-hoa/trung-bay-anh-giao-luu-huu-nghi-viet-nam-han-quoc-tai-dak-lak-post1291124.vov "HTTP/1.1 200 OK"
17:14:42 | INFO | HTTP Request: GET https://vov.vn/du-lich/du-lich-thai-lan-chiu-cu-soc-kep-khi-chi-phi-leo-thang-post1287269.vov "HTTP/1.1 200 OK"
17:14:42 | INFO | HTTP Request: GET https://vov.vn/van-hoa/nguoc-duong-nguoc-nang-tap-27-ong-phuc-bat-den-xanh-chuyen-mai-yeu-trung-post1291355.vov "HTTP/1.1 200 OK"
17:14:42 | INFO | HTTP Request: GET https://vov.vn/du-lich/viet-thuan-group-ra-mat-du-thuyen-explora-nang-tam-du-lich-ben-vung-post1291031.vov "HTTP/1.1 200 OK"
17:14:43 | INFO | HTTP Request: GET https://vov.vn/xa-hoi/thanh-hoa-chan-chinh-tinh-trang-phoi-lua-tren-duong-ngan-nguy-co-tngt-post1293599.vov "HTTP/1.1 200 OK"
17:14:43 | INFO | HTTP Request: GET https://vov.vn/van-hoa/le-hoi-lang-duong-no-2026-diem-hen-van-hoa-dac-sac-thang-5-tai-hue-post1291942.vov "HTTP/1.1 200 OK"
17:14:43 | INFO | HTTP Request: GET https://vov.vn/xa-hoi/lan-dau-tien-tphcm-co-dia-phuong-do-chi-so-hanh-phuc-nguoi-dan-post1293267.vov "HTTP/1.1 200 OK"
17:14:44 | INFO | HTTP Request: GET https://vov.vn/xa-hoi/ha-noi-cho-thue-via-he-can-co-che-minh-bach-dat-loi-ich-nguoi-di-bo-len-hang-dau-post1293469.vov "HTTP/1.1 200 OK"
17:14:44 | INFO | HTTP Request: GET https://vov.vn/du-lich/du-lich-tphcm-boi-thu-tu-2-ky-nghi-le-keo-dai-post1288898.vov "HTTP/1.1 200 OK"
17:14:45 | INFO | HTTP Request: GET https://vov.vn/xa-hoi/trong-hang-tram-cay-mang-cut-thuan-an-quyet-giu-thuong-hieu-top-50-dac-san-viet-nam-post1293179.vov "HTTP/1.1 200 OK"
17:14:45 | INFO | HTTP Request: GET https://vov.vn/xa-hoi/loi-goi-thieng-lieng-vong-len-tu-long-dat-giua-dai-ngan-truong-son-post1293670.vov "HTTP/1.1 200 OK"
17:14:45 | INFO | HTTP Request: GET https://vov.vn/xa-hoi/lien-tiep-9-tre-tu-vong-do-duoi-nuoc-trong-thoi-gian-ngan-bo-y-te-ra-chi-dao-khan-post1293357.vov "HTTP/1.1 200 OK"
17:14:45 | INFO | HTTP Request: GET https://vov.vn/xa-hoi/nhieu-thu-tuc-dang-kiem-se-xu-ly-bang-du-lieu-so-post1293151.vov "HTTP/1.1 200 OK"
17:14:46 | INFO | HTTP Request: GET https://vov.vn/van-hoa/trien-lam-hen-uoc-mua-sau-gay-chu-y-voi-gan-70-tac-pham-ve-tren-da-bo-post1290754.vov "HTTP/1.1 200 OK"
17:14:46 | INFO | HTTP Request: GET https://vov.vn/xa-hoi/neu-de-cham-tien-do-xay-dung-du-lieu-dat-dai-chu-tich-tinh-phai-chiu-trach-nhiem-post1293588.vov "HTTP/1.1 200 OK"
17:14:46 | INFO | HTTP Request: GET https://vov.vn/xa-hoi/gia-lai-gay-can-bom-be-tong-4-nguoi-nguoi-thuong-vong-post1293616.vov "HTTP/1.1 200 OK"
17:14:47 | INFO | HTTP Request: GET https://vov.vn/van-hoa/gen-z-danh-thuc-sac-hoa-kim-hoang-trong-khong-gian-van-hoa-duong-dai-post1292357.vov "HTTP/1.1 200 OK"
17:14:47 | INFO | HTTP Request: GET https://vov.vn/xa-hoi/dien-tap-cuu-nguoi-tren-ban-ban-dao-son-tra-post1293516.vov "HTTP/1.1 200 OK"
17:14:47 | INFO | HTTP Request: GET https://vov.vn/van-hoa/khai-mac-lien-hoan-dan-hat-dan-ca-nam-bo-nam-2026-post1292275.vov "HTTP/1.1 200 OK"
17:14:47 | INFO | HTTP Request: GET https://vov.vn/du-lich/tu-van/du-lich-long-ho-thuy-dien-dong-luc-dua-son-la-tro-thanh-diem-den-hap-dan-post1291751.vov "HTTP/1.1 200 OK"
17:14:47 | INFO | HTTP Request: GET https://vov.vn/du-lich/ha-tinh-dau-tu-1800-ty-dong-xay-san-golf-36-ho-thuc-day-du-lich-cao-cap-post1293313.vov "HTTP/1.1 200 OK"
17:14:47 | INFO | HTTP Request: GET https://vov.vn/xa-hoi/xuc-dong-hanh-trinh-hoi-huong-80-hai-cot-liet-sy-hy-sinh-tai-lao-ve-dat-me-post1293087.vov "HTTP/1.1 200 OK"
17:14:48 | INFO | HTTP Request: GET https://vov.vn/du-lich/dong-dao-du-khach-du-hoi-trai-nghiem-chat-kin-pho-di-bo-kim-dong-cao-bang-post1288197.vov "HTTP/1.1 200 OK"
17:14:48 | INFO | HTTP Request: GET https://vov.vn/du-lich/ninh-binh-bien-thinh-long-san-sang-cho-ngay-hoi-khai-mac-mua-du-lich-2026-post1287362.vov "HTTP/1.1 200 OK"
17:14:48 | INFO | HTTP Request: GET https://vov.vn/xa-hoi/hon-1300-hoc-sinh-duoc-trang-bi-ky-nang-phong-chong-duoi-nuoc-truoc-mua-he-post1293241.vov "HTTP/1.1 200 OK"
17:14:48 | INFO | HTTP Request: GET https://vov.vn/van-hoa/le-hoi-ao-dai-hai-phong-2026-di-san-va-ket-noi-post1292725.vov "HTTP/1.1 200 OK"
17:14:48 | INFO | HTTP Request: GET https://vov.vn/du-lich/tang-truong-khach-quoc-te-den-viet-nam-la-mo-vang-cho-kinh-te-dia-phuong-post1290428.vov "HTTP/1.1 200 OK"
17:14:48 | INFO | HTTP Request: GET https://vov.vn/xa-hoi/csgt-siet-chat-sat-hach-lai-xe-cham-dut-thi-meo-ty-le-do-giam-soc-post1293104.vov "HTTP/1.1 200 OK"
17:14:48 | INFO | HTTP Request: GET https://vov.vn/van-hoa/tphcm-siet-trach-nhiem-nghe-si-trong-hoat-dong-van-hoa-nghe-thuat-post1291811.vov "HTTP/1.1 200 OK"
17:14:49 | INFO | HTTP Request: GET https://vov.vn/du-lich/lam-dong-don-350000-luot-khach-dip-gio-to-doanh-thu-768-ty-dong-post1287686.vov "HTTP/1.1 200 OK"
17:14:49 | INFO | HTTP Request: GET https://vov.vn/du-lich/thai-nguyen-khai-mac-mua-du-lich-2026-chu-de-ho-tren-nui-tra-trong-may-post1292269.vov "HTTP/1.1 200 OK"
17:14:49 | INFO | HTTP Request: GET https://vov.vn/van-hoa/quang-ba-van-hoa-viet-nam-tai-bao-tang-nghe-thuat-chau-a-o-my-post1293332.vov "HTTP/1.1 200 OK"
17:14:50 | INFO | HTTP Request: GET https://vov.vn/van-hoa/am-nhac/nhac-si-nguyen-van-chung-ky-vong-an-diem-ran-de-ke-an-cap-ban-quyen-post1293423.vov "HTTP/1.1 200 OK"
17:14:50 | WARNING | Skipped article with incomplete content: https://vov.vn/van-hoa/am-nhac/nhac-si-nguyen-van-chung-ky-vong-an-diem-ran-de-ke-an-cap-ban-quyen-post1293423.vov
17:14:50 | INFO | HTTP Request: GET https://vov.vn/van-hoa/sang-mai-ten-nguoi-khac-hoa-hanh-trinh-cach-mang-cua-chu-tich-ho-chi-minh-post1293306.vov "HTTP/1.1 200 OK"
17:14:50 | INFO | HTTP Request: GET https://vov.vn/van-hoa/san-khau-dien-anh/do-vo-ma-vui-nhu-tet-hung-lop-truong-cua-buoc-chan-vao-doi-gay-tranh-luan-post1290725.vov "HTTP/1.1 200 OK"
17:14:50 | INFO | HTTP Request: GET https://vov.vn/xa-hoi/lat-xe-tai-cho-cat-o-dak-lak-nguoi-dan-ong-dang-di-bo-bi-vui-tu-vong-post1293644.vov "HTTP/1.1 200 OK"
17:14:50 | INFO | HTTP Request: GET https://vov.vn/van-hoa/trung-bay-gan-150-anh-gioi-thieu-ve-dep-da-dang-cua-vung-dat-gia-lai-post1292932.vov "HTTP/1.1 200 OK"
17:14:51 | INFO | HTTP Request: GET https://vov.vn/du-lich/du-lich-ninh-binh-ket-noi-vung-loi-di-san-danh-thuc-tiem-nang-du-lich-bien-post1288284.vov "HTTP/1.1 200 OK"
17:14:51 | INFO | HTTP Request: GET https://vov.vn/van-hoa/san-khau-dien-anh/buoc-chan-vao-doi-tap-34-hung-nhan-lam-chong-trang-khi-di-kham-thai-post1290708.vov "HTTP/1.1 200 OK"
17:14:51 | INFO | HTTP Request: GET https://vov.vn/xa-hoi/cong-an-tinh-thai-nguyen-ra-mat-bo-phan-mot-cua-so-post1293182.vov "HTTP/1.1 200 OK"
17:14:52 | INFO | HTTP Request: GET https://vov.vn/van-hoa/nguoc-duong-nguoc-nang-tap-31-vu-bat-coc-cu-bin-ngay-cang-co-nhieu-diem-dang-ngo-post1293361.vov "HTTP/1.1 200 OK"
17:14:52 | INFO | HTTP Request: GET https://vov.vn/du-lich/nang-cap-chat-luong-san-pham-va-trai-nghiem-du-lich-ha-long-quang-ninh-post1287284.vov "HTTP/1.1 200 OK"
17:14:52 | INFO | HTTP Request: GET https://vov.vn/xa-hoi/day-tre-ky-nang-tu-cuu-minh-truoc-nguy-co-duoi-nuoc-post1293645.vov "HTTP/1.1 200 OK"
17:14:52 | INFO | HTTP Request: GET https://vov.vn/van-hoa/tri-tue-nhan-tao-ai-dang-day-am-nhac-vao-cuoc-khung-hoang-ban-quyen-so-post1293512.vov "HTTP/1.1 200 OK"
17:14:52 | INFO | HTTP Request: GET https://vov.vn/xa-hoi/cuu-song-cong-nhan-nga-gian-giao-thung-co-hoanh-rach-gan-nang-post1293821.vov "HTTP/1.1 200 OK"
17:14:52 | INFO | HTTP Request: GET https://vov.vn/van-hoa/tieng-chuong-chua-giua-trung-khoi-truong-sa-diem-tua-tam-linh-noi-dau-song-post1291343.vov "HTTP/1.1 200 OK"
17:14:53 | WARNING | Skipped article with incomplete content: https://vov.vn/van-hoa/tieng-chuong-chua-giua-trung-khoi-truong-sa-diem-tua-tam-linh-noi-dau-song-post1291343.vov
17:14:53 | INFO | HTTP Request: GET https://vov.vn/du-lich/lam-dong-khai-mac-mua-du-lich-he-cong-bo-quy-hoach-mui-ne-post1287193.vov "HTTP/1.1 200 OK"
17:14:53 | INFO | HTTP Request: GET https://vov.vn/du-lich/de-do-son-lot-xac-thanh-do-thi-du-lich-bien-bon-mua-khong-ngu-post1293752.vov "HTTP/1.1 200 OK"
17:14:53 | INFO | HTTP Request: GET https://vov.vn/du-lich/san-tour/ron-rang-chuoi-hoat-dong-du-lich-tai-ha-noi-dip-le-304-15-post1286714.vov "HTTP/1.1 200 OK"
17:14:53 | INFO | HTTP Request: GET https://vov.vn/du-lich/tu-van/du-lich-dien-bien-hut-khach-nho-ban-sac-van-hoa-doc-dao-post1289838.vov "HTTP/1.1 200 OK"
17:14:53 | INFO | HTTP Request: GET https://vov.vn/du-lich/net-hoang-so-huyen-bi-cua-thien-duong-xanh-hon-cau-hut-du-khach-mua-du-lich-he-post1292392.vov "HTTP/1.1 200 OK"
17:14:54 | INFO | HTTP Request: GET https://vov.vn/van-hoa/lan-toa-hinh-anh-bac-ho-qua-goc-nhin-sang-tao-post1292920.vov "HTTP/1.1 200 OK"
17:14:54 | INFO | HTTP Request: GET https://vov.vn/du-lich/anh-cua-ban/du-lich-he-2026-da-nang-va-busan-dan-dau-danh-sach-diem-den-tai-chau-a-post1291924.vov "HTTP/1.1 200 OK"
17:14:54 | INFO | HTTP Request: GET https://vov.vn/van-hoa/tu-phim-bom-tan-disney-den-tranh-cai-lich-su-dieu-gi-xay-ra-voi-perfect-crown-post1293597.vov "HTTP/1.1 200 OK"
17:14:54 | INFO | HTTP Request: GET https://vov.vn/xa-hoi/ha-noi-du-kien-ho-tro-100-hoc-phi-cho-nguoi-hoc-cac-nganh-nghe-trong-diem-post1293280.vov "HTTP/1.1 200 OK"
17:14:54 | INFO | HTTP Request: GET https://vov.vn/du-lich/du-khach-thich-thu-trai-nghiem-cac-diem-du-lich-o-quang-ngai-dip-nghi-le-post1288635.vov "HTTP/1.1 200 OK"
17:14:55 | INFO | HTTP Request: GET https://vov.vn/xa-hoi/can-canh-truong-mam-non-dang-xay-dung-tu-tru-so-ubnd-chuyen-doi-cong-nang-post1293493.vov "HTTP/1.1 200 OK"
17:14:55 | INFO | HTTP Request: GET https://vov.vn/van-hoa/cannes-2026-goi-ten-nhat-ban-hollywood-khong-con-la-trung-tam-post1291441.vov "HTTP/1.1 200 OK"
17:14:55 | INFO | HTTP Request: GET https://vov.vn/xa-hoi/xac-minh-vu-nam-sinh-lop-8-tu-tu-nghi-bi-bao-luc-hoc-duong-post1293247.vov "HTTP/1.1 200 OK"
17:14:55 | INFO | HTTP Request: GET https://vov.vn/van-hoa/trien-lam-120-nam-dai-hoc-quoc-gia-ha-noi-danh-thuc-ky-uc-giang-duong-dong-duong-post1292116.vov "HTTP/1.1 200 OK"
17:14:56 | INFO | HTTP Request: GET https://vov.vn/van-hoa/trai-nghiem-tro-ve-thoi-khac-thieng-lieng-tren-que-huong-bac-ho-post1292579.vov "HTTP/1.1 200 OK"
17:14:56 | INFO | HTTP Request: GET https://vov.vn/du-lich/tu-van/cong-ty-du-lich-se-bi-phat-nang-neu-du-khach-bo-tron-o-lai-han-quoc-post1290599.vov "HTTP/1.1 200 OK"
17:14:56 | INFO | HTTP Request: GET https://vov.vn/xa-hoi/nguoi-nuoc-ngoai-vi-pham-giao-thong-o-viet-nam-co-duoc-xu-ly-nhe-tay-post1293404.vov "HTTP/1.1 200 OK"
17:14:56 | INFO | HTTP Request: GET https://vov.vn/van-hoa/tu-concert-den-dinh-hinh-thuong-hieu-cong-nghiep-van-hoa-quang-ninh-post1291062.vov "HTTP/1.1 200 OK"
17:14:56 | INFO | HTTP Request: GET https://vov.vn/xa-hoi/sat-lo-taluy-duong-trong-dem-2-chau-be-o-phu-tho-bi-thuong-nang-post1293405.vov "HTTP/1.1 200 OK"
17:14:56 | INFO | HTTP Request: GET https://vov.vn/van-hoa/world-cup-lan-dau-co-show-giua-hiep-fifa-muon-chung-ket-thanh-sieu-show-the-gioi-post1292028.vov "HTTP/1.1 200 OK"
17:14:57 | INFO | HTTP Request: GET https://vov.vn/du-lich/thang-5-ruc-ro-tren-manh-dat-dien-bien-lich-su-post1289778.vov "HTTP/1.1 200 OK"
17:14:57 | INFO | HTTP Request: GET https://vov.vn/xa-hoi/nghen-long-5-dam-tang-hoc-sinh-duoi-nuoc-tai-xa-ngheo-o-phu-tho-post1293210.vov "HTTP/1.1 200 OK"
17:14:58 | INFO | HTTP Request: GET https://vov.vn/van-hoa/san-khau-dien-anh/khan-gia-bat-cuoi-voi-tinh-tiet-kho-do-trong-phim-ve-hoa-hau-tren-song-gio-vang-post1292068.vov "HTTP/1.1 200 OK"
17:14:59 | INFO | HTTP Request: GET https://vov.vn/xa-hoi/tphcm-tuyen-duong-358-tap-the-ca-nhan-xuat-sac-lam-theo-loi-bac-post1293139.vov "HTTP/1.1 200 OK"
17:14:59 | INFO | HTTP Request: GET https://vov.vn/xa-hoi/100-hoc-sinh-viet-nam-doat-giai-cao-tai-olympic-tin-hoc-chau-a-thai-binh-duong-post1293427.vov "HTTP/1.1 200 OK"
17:14:59 | INFO | HTTP Request: GET https://vov.vn/xa-hoi/bat-duoc-te-te-quy-hiem-nang-9kg-mot-thanh-nien-o-dak-lak-giao-nop-cho-xa-post1293187.vov "HTTP/1.1 200 OK"
17:14:59 | INFO | HTTP Request: GET https://vov.vn/xa-hoi/voi-nha-hon-40-tuoi-chet-bat-thuong-trong-rung-o-dak-lak-post1293161.vov "HTTP/1.1 200 OK"
17:14:59 | INFO | HTTP Request: GET https://vov.vn/xa-hoi/tphcm-quyet-liet-go-vuong-du-an-chong-ngap-10000-ty-dong-post1293825.vov "HTTP/1.1 200 OK"
17:15:00 | INFO | HTTP Request: GET https://vov.vn/van-hoa/ky-dai-thuan-chau-noi-loi-bac-can-dan-con-vang-vong-giua-dai-ngan-tay-bac-post1293158.vov "HTTP/1.1 200 OK"
17:15:00 | INFO | HTTP Request: GET https://vov.vn/van-hoa/truyen-co-tich-chang-re-va-bo-vo-post1291360.vov "HTTP/1.1 200 OK"
17:15:00 | INFO | HTTP Request: GET https://vov.vn/xa-hoi/xac-dinh-nhom-thanh-thieu-nien-lai-xe-gay-nao-loan-quanh-ho-vi-xuyen-ninh-binh-post1293484.vov "HTTP/1.1 200 OK"
17:15:00 | WARNING | Skipped article with incomplete content: https://vov.vn/van-hoa/truyen-co-tich-chang-re-va-bo-vo-post1291360.vov
17:15:00 | INFO | HTTP Request: GET https://vov.vn/du-lich/thac-ban-gioc-tap-nap-du-khach-dip-nghi-le-304-15-post1288441.vov "HTTP/1.1 200 OK"
17:15:01 | INFO | HTTP Request: GET https://vov.vn/van-hoa/nsna-ngo-minh-dao-nguoi-ke-chuyen-lich-su-bang-nhung-buc-anh-post1290823.vov "HTTP/1.1 200 OK"
17:15:01 | WARNING | Skipped article with incomplete content: https://vov.vn/van-hoa/nsna-ngo-minh-dao-nguoi-ke-chuyen-lich-su-bang-nhung-buc-anh-post1290823.vov
17:15:01 | INFO | HTTP Request: GET https://vov.vn/du-lich/hoa-minh-cung-thien-nhien-voi-trai-nghiem-ho-tren-nui-tra-trong-may-o-thai-nguyen-post1289748.vov "HTTP/1.1 200 OK"
17:15:01 | INFO | HTTP Request: GET https://vov.vn/xa-hoi/du-kien-trinh-hdnd-tphcm-du-an-duong-vuot-bien-can-gio-vung-tau-trong-thang-6-post1293626.vov "HTTP/1.1 200 OK"
17:15:01 | INFO | HTTP Request: GET https://vov.vn/xa-hoi/lao-cai-san-sang-cho-ky-tuyen-sinh-lop-10-nam-hoc-2026-2027-post1293076.vov "HTTP/1.1 200 OK"
17:15:01 | INFO | HTTP Request: GET https://vov.vn/van-hoa/chua-khmer-trung-tam-doan-ket-gin-giu-va-phat-huy-van-hoa-cong-dong-post1291592.vov "HTTP/1.1 200 OK"
17:15:02 | INFO | HTTP Request: GET https://vov.vn/du-lich/check-in/ruc-ro-duong-hoa-phuong-o-bac-ninh-thu-hut-dong-dao-du-khach-den-check-in-post1292727.vov "HTTP/1.1 200 OK"
17:15:02 | INFO | HTTP Request: GET https://vov.vn/du-lich/du-lich-he-2026-kham-pha-bien-xanh-binh-kien-phia-dong-tinh-dak-lak-post1292829.vov "HTTP/1.1 200 OK"
17:15:02 | INFO | HTTP Request: GET https://vov.vn/van-hoa/vu-ngon-2026-phong-cach-bao-ton-van-hoa-truyen-thong-cua-nhung-nguoi-tre-post1293218.vov "HTTP/1.1 200 OK"
17:15:02 | INFO | HTTP Request: GET https://vov.vn/van-hoa/san-khau-dien-anh/nsnd-bui-bai-binh-nho-thoi-lam-phim-thieu-dien-ngu-nho-nha-dan-post1291030.vov "HTTP/1.1 200 OK"
17:15:02 | INFO | HTTP Request: GET https://vov.vn/van-hoa/sach-tranh-viet-nam-lan-dau-co-san-choi-rieng-post1293270.vov "HTTP/1.1 200 OK"
17:15:02 | INFO | HTTP Request: GET https://vov.vn/du-lich/da-dang-hoat-dong-thu-hut-du-khach-ve-den-hung-dip-gio-to-post1287125.vov "HTTP/1.1 200 OK"
17:15:03 | WARNING | Skipped article with incomplete content: https://vov.vn/du-lich/da-dang-hoat-dong-thu-hut-du-khach-ve-den-hung-dip-gio-to-post1287125.vov
17:15:03 | INFO | HTTP Request: GET https://vov.vn/xa-hoi/da-nang-con-8-thon-va-13-cum-dan-cu-lom-song-post1293562.vov "HTTP/1.1 200 OK"
17:15:03 | INFO | HTTP Request: GET https://vov.vn/du-lich/hai-phong-don-hon-892000-luot-khach-dip-304-15-nhieu-diem-du-lich-kin-phong-post1288756.vov "HTTP/1.1 200 OK"
17:15:03 | INFO | HTTP Request: GET https://vov.vn/xa-hoi/tiep-tuc-tam-dong-cao-toc-bac-nam-qua-tinh-quang-tri-phuc-vu-thi-cong-post1293852.vov "HTTP/1.1 200 OK"
17:15:03 | INFO | HTTP Request: GET https://vov.vn/du-lich/check-in/kham-pha-nhung-tuyen-duong-sat-co-canh-quan-hap-dan-nhat-post1290277.vov "HTTP/1.1 200 OK"
17:15:03 | INFO | HTTP Request: GET https://vov.vn/van-hoa/khai-mac-cuoc-thi-tai-nang-dien-vien-cai-luong-toan-quoc-2026-tai-tphcm-post1292666.vov "HTTP/1.1 200 OK"
17:15:03 | INFO | HTTP Request: GET https://vov.vn/van-hoa/am-nhac/50-sinh-vien-gay-bat-ngo-voi-album-nhac-dam-tinh-than-tuoi-tre-viet-post1292368.vov "HTTP/1.1 200 OK"
17:15:04 | INFO | HTTP Request: GET https://vov.vn/van-hoa/truong-sa-danh-thuc-cam-xuc-va-khoi-nguon-cam-hung-bat-tan-cho-nghe-si-post1293675.vov "HTTP/1.1 200 OK"
17:15:04 | INFO | HTTP Request: GET https://vov.vn/van-hoa/san-khau-dien-anh/hon-1000-dien-vien-casting-vai-nu-anh-hung-vo-thi-sau-post1292718.vov "HTTP/1.1 200 OK"
17:15:04 | WARNING | Skipped article with incomplete content: https://vov.vn/van-hoa/truong-sa-danh-thuc-cam-xuc-va-khoi-nguon-cam-hung-bat-tan-cho-nghe-si-post1293675.vov
17:15:04 | INFO | HTTP Request: GET https://vov.vn/van-hoa/duc-hoa-than-va-ngon-lua-trong-tam-thuc-nguoi-viet-post1291336.vov "HTTP/1.1 200 OK"
17:15:04 | INFO | HTTP Request: GET https://vov.vn/xa-hoi/chay-lon-tai-khu-tap-the-cu-nguyen-cong-tru-khoi-den-boc-cao-hang-chuc-met-post1293792.vov "HTTP/1.1 200 OK"
17:15:05 | INFO | HTTP Request: GET https://vov.vn/van-hoa/cao-bang-se-to-chuc-chuong-trinh-nghe-thuat-dac-biet-ky-niem-ngay-sinh-nhat-bac-post1292345.vov "HTTP/1.1 200 OK"
17:15:05 | INFO | HTTP Request: GET https://vov.vn/du-lich/quang-tri-don-hon-730000-luot-khach-trong-dip-nghi-le-post1288918.vov "HTTP/1.1 200 OK"
17:15:05 | INFO | HTTP Request: GET https://vov.vn/xa-hoi/viet-nam-thuc-hien-gan-11000-ca-ghep-tang-thanh-cong-post1293444.vov "HTTP/1.1 200 OK"
17:15:05 | INFO | HTTP Request: GET https://vov.vn/du-lich/doc-dao-cho-con-trung-na-si-mon-la-niu-chan-du-khach-den-voi-tay-bac-post1288681.vov "HTTP/1.1 200 OK"
17:15:05 | INFO | HTTP Request: GET https://vov.vn/du-lich/cua-lo-tang-cuong-bao-dam-an-toan-cho-du-khach-mua-du-lich-he-2026-post1288674.vov "HTTP/1.1 200 OK"
17:15:05 | INFO | HTTP Request: GET https://vov.vn/du-lich/sang-tao-trong-du-lich-do-thi-bai-hoc-tu-dam-cuoi-huou-cao-co-o-thao-cam-vien-post1291755.vov "HTTP/1.1 200 OK"
17:15:06 | INFO | HTTP Request: GET https://vov.vn/xa-hoi/ha-noi-day-nhanh-tien-do-giai-phong-mat-bang-1428-du-an-post1293099.vov "HTTP/1.1 200 OK"
17:15:06 | INFO | HTTP Request: GET https://vov.vn/van-hoa/san-khau-dien-anh/cuc-dien-anh-thong-tin-ve-phim-dai-tiec-trang-mau-8-co-miu-le-dong-chinh-post1290962.vov "HTTP/1.1 200 OK"
17:15:06 | INFO | HTTP Request: GET https://vov.vn/van-hoa/san-khau-dien-anh/buoc-chan-vao-doi-tap-cuoi-lam-to-tinh-voi-thuong-post1291290.vov "HTTP/1.1 200 OK"
17:15:06 | INFO | HTTP Request: GET https://vov.vn/xa-hoi/dai-tieng-noi-viet-nam-lam-viec-voi-ban-tuyen-giao-va-dan-van-tinh-uy-thai-nguyen-post1293838.vov "HTTP/1.1 200 OK"
17:15:06 | INFO | HTTP Request: GET https://vov.vn/van-hoa/nghi-quyet-28-ve-phat-trien-van-hoa-se-duoc-trien-khai-dong-bo-tren-toan-quoc-post1293739.vov "HTTP/1.1 200 OK"
17:15:07 | INFO | HTTP Request: GET https://vov.vn/du-lich/tu-van/vinh-long-ban-hanh-bo-tieu-chi-du-lich-xanh-huong-toi-phat-trien-ben-vung-post1288039.vov "HTTP/1.1 200 OK"
17:15:07 | INFO | HTTP Request: GET https://vov.vn/van-hoa/am-nhac/nguyen-hung-phan-manh-quynh-moc-mac-gian-di-trong-true-concert-tinh-dat-post1291998.vov "HTTP/1.1 200 OK"
17:15:07 | INFO | HTTP Request: GET https://vov.vn/xa-hoi/trien-khai-thanh-cong-ky-thuat-mo-so-tinh-cho-benh-nhi-tai-tphcm-post1293102.vov "HTTP/1.1 200 OK"
17:15:07 | INFO | HTTP Request: GET https://vov.vn/du-lich/dong-hua-ma-the-gioi-thach-nhu-ky-ao-noi-thien-nhien-giao-hoa-truyen-thuyet-post1290097.vov "HTTP/1.1 200 OK"
17:15:08 | INFO | HTTP Request: GET https://vov.vn/du-lich/cong-khai-duong-day-nong-hang-van-du-khach-phu-kin-bien-sam-son-dip-304-post1288216.vov "HTTP/1.1 200 OK"
17:15:08 | INFO | HTTP Request: GET https://vov.vn/xa-hoi/tau-ca-cho-17-thuyen-vien-gap-su-co-tren-bien-can-ho-tro-post1293441.vov "HTTP/1.1 200 OK"
17:15:08 | INFO | HTTP Request: GET https://vov.vn/van-hoa/hue-khai-mac-trien-lam-ngay-hoi-non-song-la-phieu-cua-niem-tin-va-trach-nhiem-post1293211.vov "HTTP/1.1 200 OK"
17:15:08 | INFO | HTTP Request: GET https://vov.vn/xa-hoi/chi-tiet-du-an-dau-tu-truc-khong-gian-quoc-lo-1a-post1293769.vov "HTTP/1.1 200 OK"
17:15:08 | INFO | HTTP Request: GET https://vov.vn/du-lich/lien-ket-hop-tac-phat-trien-du-lich-cac-tinh-tay-bac-mo-rong-post1290273.vov "HTTP/1.1 200 OK"
17:15:08 | INFO | HTTP Request: GET https://vov.vn/van-hoa/san-khau-dien-anh/du-doan-canh-co-vang-cannes-2026-nhung-ung-vien-sang-gia-nhat-post1293023.vov "HTTP/1.1 200 OK"
17:15:08 | INFO | HTTP Request: GET https://vov.vn/van-hoa/san-khau-dien-anh/lan-dau-dong-phim-nhac-si-nguyen-van-chung-co-khien-khan-gia-bat-ngo-post1293042.vov "HTTP/1.1 200 OK"
17:15:09 | INFO | HTTP Request: GET https://vov.vn/du-lich/anh-cua-ban/du-lich-quang-ninh-chinh-phuc-dinh-cao-xiem-hung-vi-post1291173.vov "HTTP/1.1 200 OK"
17:15:09 | INFO | HTTP Request: GET https://vov.vn/van-hoa/phim-han-2026-sieu-nang-luc-va-xuyen-khong-tro-thanh-vu-khi-gay-cuoi-nghien-nga-post1290757.vov "HTTP/1.1 200 OK"
17:15:09 | INFO | HTTP Request: GET https://vov.vn/van-hoa/san-khau-dien-anh/ton-vinh-truyen-thong-quoc-hoc-qua-cuoc-thi-phim-ngan-hien-tai-hom-nay-post1291462.vov "HTTP/1.1 200 OK"
17:15:09 | INFO | HTTP Request: GET https://vov.vn/xa-hoi/lam-gi-de-khong-tro-thanh-nan-nhan-cong-nghe-post1293491.vov "HTTP/1.1 200 OK"
17:15:10 | INFO | HTTP Request: GET https://vov.vn/xa-hoi/tu-172026-nhieu-muc-dong-bhxh-bhyt-dieu-chinh-theo-luong-co-so-moi-post1293757.vov "HTTP/1.1 200 OK"
17:15:10 | INFO | HTTP Request: GET https://vov.vn/du-lich/quang-ninh-siet-chat-an-toan-duong-thuy-mua-du-lich-post1290892.vov "HTTP/1.1 200 OK"
17:15:10 | INFO | HTTP Request: GET https://vov.vn/xa-hoi/quang-ninh-ung-dung-cong-nghe-so-thi-bao-cao-vien-tuyen-truyen-vien-gioi-post1293318.vov "HTTP/1.1 200 OK"
17:15:10 | INFO | HTTP Request: GET https://vov.vn/xa-hoi/thi-tot-nghiep-thpt-vi-sao-nhieu-hoc-sinh-lua-chon-mon-lich-su-post1292774.vov "HTTP/1.1 200 OK"
17:15:10 | INFO | HTTP Request: GET https://vov.vn/du-lich/dip-le-gio-to-304-15-can-tho-boi-thu-khach-du-lich-post1288490.vov "HTTP/1.1 200 OK"
17:15:11 | INFO | HTTP Request: GET https://vov.vn/xa-hoi/khanh-thanh-truong-tieu-hoc-tren-nen-nghia-trang-cu-o-tphcm-post1293080.vov "HTTP/1.1 200 OK"
17:15:11 | INFO | HTTP Request: GET https://vov.vn/xa-hoi/vov-tuyen-dung-vien-chuc-cho-ban-ke-hoach-tai-chinh-post1293541.vov "HTTP/1.1 200 OK"
17:15:11 | INFO | HTTP Request: GET https://vov.vn/xa-hoi/xuc-dong-le-truy-dieu-va-an-tang-80-hai-cot-liet-si-viet-nam-hy-sinh-tai-lao-post1293748.vov "HTTP/1.1 200 OK"
17:15:11 | INFO | HTTP Request: GET https://vov.vn/xa-hoi/metro-tphcm-sap-co-atm-ve-nghia-tinh-post1293268.vov "HTTP/1.1 200 OK"
17:15:11 | INFO | HTTP Request: GET https://vov.vn/van-hoa/nguoc-duong-nguoc-nang-tap-32-ba-dien-khien-mai-ngo-ngang-post1293688.vov "HTTP/1.1 200 OK"
17:15:11 | INFO | HTTP Request: GET https://vov.vn/van-hoa/nguoc-duong-nguoc-nang-tap-26-trung-muon-mai-tra-no-day-an-y-post1291028.vov "HTTP/1.1 200 OK"
17:15:12 | INFO | HTTP Request: GET https://vov.vn/xa-hoi/toi-pham-mang-gia-tang-khi-tan-dung-ai-va-lua-dao-xuyen-bien-gioi-post1293162.vov "HTTP/1.1 200 OK"
17:15:12 | INFO | HTTP Request: GET https://vov.vn/van-hoa/san-khau-dien-anh/loi-hua-dau-tien-tap-9-hai-dang-tuyen-bo-vi-minh-la-ngoai-le-post1291658.vov "HTTP/1.1 200 OK"
17:15:12 | INFO | HTTP Request: GET https://vov.vn/xa-hoi/quan-khu-5-ho-tro-xay-dung-truong-hoc-noi-tru-lien-cap-khu-vuc-bien-gioi-post1293180.vov "HTTP/1.1 200 OK"
17:15:12 | INFO | HTTP Request: GET https://vov.vn/xa-hoi/tphcm-cat-50-thu-tuc-don-luc-hoan-thanh-1000-phong-hoc-trong-100-ngay-post1293369.vov "HTTP/1.1 200 OK"
17:15:12 | INFO | HTTP Request: GET https://vov.vn/van-hoa/san-khau-dien-anh/phim-moi-noi-song-buoc-chan-vao-doi-gay-chu-y-voi-boi-canh-khu-tap-the-cu-post1292575.vov "HTTP/1.1 200 OK"
17:15:13 | INFO | HTTP Request: GET https://vov.vn/du-lich/cau-ket-noi-sinh-canh-chien-luoc-bao-ton-vooc-mong-trang-va-phat-trien-du-lich-post1291160.vov "HTTP/1.1 200 OK"
17:15:13 | INFO | HTTP Request: GET https://vov.vn/xa-hoi/de-xuat-thu-phi-13-tuyen-cao-toc-bac-nam-muc-phi-tu-900-1300-dongkm-post1293157.vov "HTTP/1.1 200 OK"
17:15:13 | INFO | HTTP Request: GET https://vov.vn/van-hoa/hanh-trinh-lan-toa-tinh-yeu-bien-dao-tu-nhung-la-co-to-quoc-mang-dau-truong-sa-post1291705.vov "HTTP/1.1 200 OK"
17:15:13 | INFO | HTTP Request: GET https://vov.vn/van-hoa/tung-bung-chuoi-hoat-dong-van-hoa-nghe-thuat-bac-ho-trong-trai-tim-dong-bao-post1292587.vov "HTTP/1.1 200 OK"
17:15:13 | INFO | HTTP Request: GET https://vov.vn/du-lich/am-thuc/ke-chuyen-pho-tai-chau-au-hanh-trinh-vuon-ra-bien-lon-cua-am-thuc-viet-post1291777.vov "HTTP/1.1 200 OK"
17:15:14 | INFO | HTTP Request: GET https://vov.vn/van-hoa/nguoc-duong-nguoc-nang-tap-28-cu-chinh-tuyen-bo-thang-toi-hau-thu-cho-con-dau-post1291661.vov "HTTP/1.1 200 OK"
17:15:14 | INFO | HTTP Request: GET https://vov.vn/van-hoa/nguoc-duong-nguoc-nang-tap-30-con-trai-cua-hoang-va-quynh-bi-bat-coc-post1292704.vov "HTTP/1.1 200 OK"
17:15:14 | INFO | HTTP Request: GET https://vov.vn/xa-hoi/o-to-con-bien-dang-1-nguoi-bi-thuong-sau-va-cham-tren-cao-toc-ha-long-mong-cai-post1293150.vov "HTTP/1.1 200 OK"
17:15:14 | INFO | HTTP Request: GET https://vov.vn/xa-hoi/thoi-tiet-hom-nay-215-ha-noi-va-bac-bo-mua-dong-canh-bao-loc-set-gio-giat-manh-post1293623.vov "HTTP/1.1 200 OK"
17:15:14 | INFO | HTTP Request: GET https://vov.vn/van-hoa/san-khau-dien-anh/khi-ngoi-sao-phong-ve-khong-con-la-la-bua-doanh-thu-post1291722.vov "HTTP/1.1 200 OK"
17:15:14 | INFO | HTTP Request: GET https://vov.vn/du-lich/anh-cua-ban/ve-dep-nguyen-so-tai-dao-phu-quy-gay-sot-voi-gioi-tre-post1288006.vov "HTTP/1.1 200 OK"
17:15:15 | INFO | HTTP Request: GET https://vov.vn/xa-hoi/thi-tot-nghiep-thpt-2026-3-loi-nho-de-danh-roi-diem-so-khi-lam-bai-thi-mon-toan-post1293490.vov "HTTP/1.1 200 OK"
17:15:15 | INFO | HTTP Request: GET https://vov.vn/du-lich/trinh-dien-che-bien-ca-ngu-dai-duong-tai-tuy-hoa-thu-hut-hang-nghin-du-khach-post1288453.vov "HTTP/1.1 200 OK"
17:15:15 | INFO | HTTP Request: GET https://vov.vn/du-lich/tu-van/phu-quoc-hut-khach-dip-304-15-va-sunset-beach-la-diem-den-dang-trai-nghiem-post1286335.vov "HTTP/1.1 200 OK"
17:15:15 | INFO | HTTP Request: GET https://vov.vn/van-hoa/dua-nghi-quyet-80-vao-cuoc-song-bat-dau-tu-the-che-va-con-nguoi-post1292520.vov "HTTP/1.1 200 OK"
17:15:16 | INFO | HTTP Request: GET https://vov.vn/van-hoa/tam-biet-gohan-hanh-trinh-10-nam-cua-mot-chu-cho-hoang-chiem-top-1-phong-ve-viet-post1292396.vov "HTTP/1.1 200 OK"
17:15:16 | INFO | HTTP Request: GET https://vov.vn/du-lich/hue-lap-ky-luc-ban-ve-tham-quan-di-tich-trong-ngay-15-post1288484.vov "HTTP/1.1 200 OK"
17:15:16 | INFO | HTTP Request: GET https://vov.vn/van-hoa/san-khau-dien-anh/buoc-chan-vao-doi-tap-35-thuong-boi-roi-truoc-de-nghi-bat-ngo-tu-me-quan-post1291000.vov "HTTP/1.1 200 OK"
17:15:17 | INFO | HTTP Request: GET https://vov.vn/van-hoa/san-khau-dien-anh/phim-hoc-duong-moi-cua-vtv-gay-chu-y-voi-de-tai-sang-chan-tuoi-teen-post1293303.vov "HTTP/1.1 200 OK"
17:15:17 | INFO | HTTP Request: GET https://vov.vn/van-hoa/san-khau-dien-anh/chuyen-chua-ke-ve-phim-viet-kinh-phi-von-ven-400-trieu-dong-khien-nuoc-my-sung-sot-post1290771.vov "HTTP/1.1 200 OK"
17:15:17 | INFO | HTTP Request: GET https://vov.vn/xa-hoi/mua-dong-dien-rong-o-mien-bac-se-keo-dai-den-bao-gio-post1293165.vov "HTTP/1.1 200 OK"
17:15:17 | WARNING | Skipped article with incomplete content: https://vov.vn/xa-hoi/mua-dong-dien-rong-o-mien-bac-se-keo-dai-den-bao-gio-post1293165.vov
17:15:17 | INFO | HTTP Request: GET https://vov.vn/van-hoa/khai-mac-le-hoi-lang-sen-nam-2026-post1292971.vov "HTTP/1.1 200 OK"
17:15:17 | INFO | HTTP Request: GET https://vov.vn/du-lich/bien-khu-dong-tphcm-nong-truoc-le-304-post1287914.vov "HTTP/1.1 200 OK"
17:15:17 | INFO | HTTP Request: GET https://vov.vn/van-hoa/truyen-ke-chiec-banh-khong-lo-post1291376.vov "HTTP/1.1 200 OK"
17:15:18 | WARNING | Skipped article with incomplete content: https://vov.vn/van-hoa/truyen-ke-chiec-banh-khong-lo-post1291376.vov
17:15:18 | INFO | HTTP Request: GET https://vov.vn/du-lich/de-moi-di-san-ca-mau-tro-thanh-san-pham-du-lich-dat-khach-post1288054.vov "HTTP/1.1 200 OK"
17:15:18 | INFO | HTTP Request: GET https://vov.vn/xa-hoi/nguoi-dan-thanh-pho-hue-kien-nghi-xu-ly-un-tac-nang-cao-chat-luong-do-thi-post1293565.vov "HTTP/1.1 200 OK"
17:15:18 | INFO | HTTP Request: GET https://vov.vn/du-lich/quang-ninh-thu-hon-1300-ty-dong-tu-du-lich-sau-3-ngay-nghi-le-gio-to-post1287312.vov "HTTP/1.1 200 OK"
17:15:18 | INFO | HTTP Request: GET https://vov.vn/van-hoa/san-khau-dien-anh/dien-anh-viet-sap-chung-kien-lan-song-phim-lich-su-lon-nhat-nhieu-nam-qua-post1292762.vov "HTTP/1.1 200 OK"
17:15:18 | INFO | HTTP Request: GET https://vov.vn/du-lich/du-lich-quang-ninh-day-manh-chien-luoc-tang-suc-hut-doi-voi-du-khach-nga-post1292084.vov "HTTP/1.1 200 OK"
17:15:18 | INFO | HTTP Request: GET https://vov.vn/xa-hoi/cam-xe-qua-deo-bao-loc-nhieu-khung-gio-de-khac-phuc-sat-lo-post1293246.vov "HTTP/1.1 200 OK"
17:15:19 | INFO | HTTP Request: GET https://vov.vn/xa-hoi/bao-gio-cac-truong-hoc-that-su-an-toan-than-thien-post1293690.vov "HTTP/1.1 200 OK"
17:15:19 | WARNING | Skipped article with incomplete content: https://vov.vn/xa-hoi/bao-gio-cac-truong-hoc-that-su-an-toan-than-thien-post1293690.vov
17:15:19 | INFO | HTTP Request: GET https://vov.vn/van-hoa/cuoi-ra-nuoc-mat-voi-tay-du-ky-dai-nao-ton-ngo-khong-dai-nao-bai-rac-o-thai-lan-post1292387.vov "HTTP/1.1 200 OK"
17:15:20 | INFO | HTTP Request: GET https://vov.vn/xa-hoi/ngoi-nha-chung-cua-nhung-tre-em-bat-hanh-post1293390.vov "HTTP/1.1 200 OK"
17:15:21 | INFO | HTTP Request: GET https://vov.vn/van-hoa/le-hoi-hoa-phuong-do-nhip-cau-quang-ba-hinh-anh-hai-phong-toi-ban-be-quoc-te-post1292528.vov "HTTP/1.1 200 OK"
17:15:21 | INFO | HTTP Request: GET https://vov.vn/xa-hoi/truc-thang-bay-xuyen-dem-cap-cuu-2-benh-nhan-tu-truong-sa-ve-dat-lien-post1293094.vov "HTTP/1.1 200 OK"
17:15:21 | INFO | HTTP Request: GET https://vov.vn/xa-hoi/hon-220000-luot-du-thi-tim-hieu-chuyen-doi-so-o-dak-lak-post1293168.vov "HTTP/1.1 200 OK"
17:15:22 | INFO | HTTP Request: GET https://vov.vn/du-lich/hue-don-hon-610000-luot-khach-trong-dip-le-304-015-post1288805.vov "HTTP/1.1 200 OK"
17:15:22 | INFO | HTTP Request: GET https://vov.vn/du-lich/san-tour/dua-lang-nghe-kham-trai-ha-noi-den-gan-hon-voi-khach-quoc-te-post1288016.vov "HTTP/1.1 200 OK"
17:15:22 | INFO | HTTP Request: GET https://vov.vn/du-lich/du-lich-tau-bien-viet-nam-can-duoc-tiep-suc-post1289611.vov "HTTP/1.1 200 OK"
17:15:22 | INFO | HTTP Request: GET https://vov.vn/du-lich/du-lich-bien-o-gia-lai-hut-khach-dip-nghi-le-304-15-post1288398.vov "HTTP/1.1 200 OK"
17:15:22 | INFO | HTTP Request: GET https://vov.vn/xa-hoi/quang-ngai-kiem-tra-lay-nhieu-mau-moi-truong-lam-ro-o-nhiem-kenh-chim-son-tinh-post1293856.vov "HTTP/1.1 200 OK"
17:15:22 | INFO | HTTP Request: GET https://vov.vn/xa-hoi/thoi-tiet-hom-nay-205-mua-dong-bao-trum-ha-noi-va-bac-bo-nhieu-noi-mua-rat-to-post1293231.vov "HTTP/1.1 200 OK"
17:15:23 | INFO | HTTP Request: GET https://vov.vn/xa-hoi/tong-bi-thu-chu-tich-nuoc-to-lam-dua-ra-mot-cach-nhin-rat-hien-dai-ve-vai-tro-cua-dai-hoc-post1293213.vov "HTTP/1.1 200 OK"
17:15:23 | INFO | HTTP Request: GET https://vov.vn/van-hoa/san-khau-dien-anh/phim-kinh-di-dan-gian-thang-lon-mo-vang-moi-hay-vong-lap-cong-thuc-post1291724.vov "HTTP/1.1 200 OK"
17:15:23 | INFO | HTTP Request: GET https://vov.vn/du-lich/viet-nam-lot-top-diem-den-hang-dau-cua-du-khach-nga-va-han-quoc-nam-2026-post1292149.vov "HTTP/1.1 200 OK"
17:15:23 | INFO | HTTP Request: GET https://vov.vn/du-lich/nuom-nuop-du-khach-tim-ve-dia-chi-do-khu-vui-choi-o-trung-tam-tphcm-post1288359.vov "HTTP/1.1 200 OK"
17:15:24 | INFO | HTTP Request: GET https://vov.vn/du-lich/hue-don-hon-395000-luot-khach-dip-gio-to-hung-vuong-post1287439.vov "HTTP/1.1 200 OK"
17:15:24 | INFO | HTTP Request: GET https://vov.vn/van-hoa/truyen-ke-cho-den-va-cho-vang-post1291359.vov "HTTP/1.1 200 OK"
17:15:24 | WARNING | Skipped article with incomplete content: https://vov.vn/van-hoa/truyen-ke-cho-den-va-cho-vang-post1291359.vov
17:15:24 | INFO | HTTP Request: GET https://vov.vn/xa-hoi/25-hoc-sinh-tieu-hoc-nhap-vien-nghi-ngo-doc-thuc-pham-o-dong-thap-post1293618.vov "HTTP/1.1 200 OK"
17:15:25 | INFO | HTTP Request: GET https://vov.vn/xa-hoi/dieu-tra-vu-chay-nha-khien-3-nguoi-thuong-vong-tai-ca-mau-post1293293.vov "HTTP/1.1 200 OK"
17:15:25 | INFO | HTTP Request: GET https://vov.vn/van-hoa/hang-nghin-nguoi-tray-hoi-danh-ca-suoi-doc-dao-o-phu-tho-post1292398.vov "HTTP/1.1 200 OK"
17:15:25 | INFO | HTTP Request: GET https://vov.vn/du-lich/khu-du-lich-mang-den-don-luong-lon-du-khach-den-tham-quan-nghi-le-304-va-15-post1288306.vov "HTTP/1.1 200 OK"
17:15:25 | INFO | HTTP Request: GET https://vov.vn/du-lich/dia-chi-do-hap-dan-nguoi-dan-ha-noi-va-du-khach-trong-nhung-ngay-nghi-le-post1288512.vov "HTTP/1.1 200 OK"
17:15:25 | INFO | HTTP Request: GET https://vov.vn/xa-hoi/mua-lon-keo-dai-gay-sat-lo-ngap-ung-mot-so-noi-o-lang-son-post1293851.vov "HTTP/1.1 200 OK"
17:15:25 | INFO | HTTP Request: GET https://vov.vn/du-lich/kham-pha-tan-cuong-diem-hen-moi-trong-hop-tac-du-lich-viet-nam-trung-quoc-post1287368.vov "HTTP/1.1 200 OK"
17:15:26 | INFO | HTTP Request: GET https://vov.vn/van-hoa/di-san/chua-to-phuc-nghiem-mach-ngam-linh-thieng-ben-dong-song-duong-post1291034.vov "HTTP/1.1 200 OK"
17:15:26 | INFO | HTTP Request: GET https://vov.vn/xa-hoi/vu-nghi-ngo-doc-thuc-pham-tai-dong-thap-da-co-62-ca-nhap-vien-post1293788.vov "HTTP/1.1 200 OK"
17:15:26 | INFO | HTTP Request: GET https://vov.vn/du-lich/thai-nguyen-chu-trong-nang-cao-chat-luong-du-lich-dip-le-post1288068.vov "HTTP/1.1 200 OK"
17:15:26 | INFO | HTTP Request: GET https://vov.vn/du-lich/ca-voi-xuat-hien-tai-vung-bien-cu-lao-mai-nha-dia-phuong-canh-bao-du-khach-post1293466.vov "HTTP/1.1 200 OK"
17:15:26 | INFO | HTTP Request: GET https://vov.vn/van-hoa/nguoi-tre-dang-nghien-anh-film-vi-dieu-gi-post1292723.vov "HTTP/1.1 200 OK"
17:15:27 | INFO | HTTP Request: GET https://vov.vn/van-hoa/ganh-vi-da-nang-tren-bai-bien-du-lich-post1293625.vov "HTTP/1.1 200 OK"
17:15:27 | INFO | HTTP Request: GET https://vov.vn/du-lich/ruc-ro-sac-mau-ngay-hoi-khinh-khi-cau-tai-thap-nghinh-phong-dak-lak-post1288051.vov "HTTP/1.1 200 OK"
17:15:27 | INFO | HTTP Request: GET https://vov.vn/van-hoa/lien-hoan-dan-ca-nam-bo-o-can-tho-thu-hut-dong-dao-khan-gia-post1293377.vov "HTTP/1.1 200 OK"
17:15:27 | INFO | HTTP Request: GET https://vov.vn/du-lich/cat-giam-nhieu-chuyen-bay-tu-mot-thi-truong-quan-trong-cua-du-lich-viet-nam-post1290792.vov "HTTP/1.1 200 OK"
17:15:27 | INFO | HTTP Request: GET https://vov.vn/van-hoa/truyen-ke-chiec-dien-thoai-bi-mat-post1291364.vov "HTTP/1.1 200 OK"
17:15:28 | WARNING | Skipped article with incomplete content: https://vov.vn/van-hoa/truyen-ke-chiec-dien-thoai-bi-mat-post1291364.vov
17:15:28 | INFO | HTTP Request: GET https://vov.vn/du-lich/tu-van/ha-tang-du-lich-phu-quy-khong-theo-kip-luong-khach-tang-truong-nong-post1289672.vov "HTTP/1.1 200 OK"
17:15:28 | INFO | HTTP Request: GET https://vov.vn/du-lich/da-yen-hoang-cung-tai-hien-tinh-hoa-am-thuc-cung-dinh-trieu-nguyen-tai-hue-post1288301.vov "HTTP/1.1 200 OK"
17:15:28 | INFO | HTTP Request: GET https://vov.vn/du-lich/tour-du-lich-noi-o-can-tho-hut-khach-dip-nghi-le-304-15-post1287941.vov "HTTP/1.1 200 OK"
17:15:28 | INFO | HTTP Request: GET https://vov.vn/du-lich/tu-van/ban-khun-o-tuyen-quang-diem-sang-phat-trien-du-lich-cong-dong-ben-vung-post1293614.vov "HTTP/1.1 200 OK"
17:15:28 | INFO | HTTP Request: GET https://vov.vn/du-lich/san-tour/du-lich-noi-dia-soi-dong-dip-nghi-le-304-15-post1288087.vov "HTTP/1.1 200 OK"
17:15:28 | INFO | HTTP Request: GET https://vov.vn/van-hoa/am-nhac/le-sserafim-gay-sot-voi-teaser-boompala-lay-cam-hung-tu-macarena-post1293593.vov "HTTP/1.1 200 OK"
17:15:28 | INFO | HTTP Request: GET https://vov.vn/du-lich/dinh-hinh-xu-huong-du-lich-ben-vung-trong-dai-han-post1288679.vov "HTTP/1.1 200 OK"
17:15:29 | INFO | HTTP Request: GET https://vov.vn/van-hoa/chuyen-tau-di-san-dua-thieu-nhi-cham-vao-lich-su-doi-va-van-hoa-kinh-bac-post1291731.vov "HTTP/1.1 200 OK"
17:15:29 | INFO | HTTP Request: GET https://vov.vn/xa-hoi/canh-sat-giao-thong-phu-tho-khan-truong-khac-phuc-su-co-sat-lo-tren-tinh-lo-316-post1293508.vov "HTTP/1.1 200 OK"
17:15:29 | INFO | HTTP Request: GET https://vov.vn/du-lich/tu-van/chat-chem-du-lich-dep-sao-cho-het-post1288164.vov "HTTP/1.1 200 OK"
17:15:29 | INFO | HTTP Request: GET https://vov.vn/du-lich/san-tour/ha-noi-ra-mat-nhieu-tuyen-du-lich-doc-dao-o-ngoai-thanh-post1288037.vov "HTTP/1.1 200 OK"
17:15:30 | INFO | HTTP Request: GET https://vov.vn/du-lich/check-in/diem-den-du-lich-den-thu-hut-du-khach-sau-tham-hoa-hat-nhan-post1287254.vov "HTTP/1.1 200 OK"
17:15:31 | INFO | HTTP Request: GET https://vov.vn/du-lich/tu-van/du-lich-dip-nghi-le-khi-trai-nghiem-thuc-te-len-ngoi-post1287149.vov "HTTP/1.1 200 OK"
17:15:31 | INFO | HTTP Request: GET https://vov.vn/van-hoa/ban-quyen-am-nhac-lieu-co-dang-bat-luc-truoc-thoi-dai-ai-remix-post1292909.vov "HTTP/1.1 200 OK"
17:15:31 | INFO | Parsed 342 vi articles
17:15:31 | INFO | Saved 342 VI and 232 KM articles
17:15:31 | INFO | Saved 0 aligned article pairs
17:15:31 | INFO | Wrote D:\Code\Python\Research\MachineTranslation\MT\web\vov\unaligned_articles.json
17:15:31 | INFO | Wrote D:\Code\Python\Research\MachineTranslation\MT\web\vov\aligned_parallel_corpus.json
