reviewer_type,reviewer_label,mean_|cohens_d|,mean_pct_drop_on_Accept_%,RCI_(1-mean|d|),n_metrics
sea,SEA,0.051088229703512844,0.13614243504438606,0.9489117702964871,8
deepreview,DeepReview,0.053796515823746706,2.109844380991587,0.9462034841762533,8
reviewer2,Reviewer2,0.06554244581953214,-0.2972267503760175,0.9344575541804678,8
cyclereview,CycleReview,0.06651006398348423,2.3040519252505205,0.9334899360165158,8
tree,TreeReview,0.08245592666130688,2.3955659201042874,0.9175440733386931,8
human,Human,0.35920084155531773,8.155987146069268,0.6407991584446823,8
